"Ma","T","U:0","U:1","U:2","p","vtkValidPointMask","arc_length","Points:0","Points:1","Points:2"
0.2391,494.35,5.3162,-0.01774,0,8.1036e+05,1,0,0,0,0.05
0.23913,494.35,5.3168,-0.017742,0,8.1036e+05,1,0.0013557,0.0013557,0,0.05
0.23916,494.34,5.3174,-0.017744,0,8.1036e+05,1,0.0027114,0.0027114,0,0.05
0.23919,494.34,5.318,-0.017746,0,8.1036e+05,1,0.0040671,0.0040671,0,0.05
0.23921,494.34,5.3186,-0.017748,0,8.1036e+05,1,0.0054228,0.0054228,0,0.05
0.23924,494.34,5.3192,-0.01775,0,8.1036e+05,1,0.0067785,0.0067785,0,0.05
0.23927,494.34,5.3199,-0.017753,0,8.1036e+05,1,0.0081342,0.0081342,0,0.05
0.23935,494.33,5.3215,-0.017764,0,8.1034e+05,1,0.0094899,0.0094899,0,0.05
0.23942,494.33,5.3231,-0.017775,0,8.1033e+05,1,0.010846,0.010846,0,0.05
0.23949,494.33,5.3247,-0.017786,0,8.1031e+05,1,0.012201,0.012201,0,0.05
0.23956,494.32,5.3263,-0.017797,0,8.103e+05,1,0.013557,0.013557,0,0.05
0.23964,494.32,5.3279,-0.017808,0,8.1028e+05,1,0.014913,0.014913,0,0.05
0.23971,494.32,5.3295,-0.017822,0,8.1027e+05,1,0.016268,0.016268,0,0.05
0.2398,494.31,5.3315,-0.017849,0,8.1024e+05,1,0.017624,0.017624,0,0.05
0.23989,494.31,5.3335,-0.017876,0,8.1022e+05,1,0.01898,0.01898,0,0.05
0.23998,494.3,5.3355,-0.017903,0,8.1019e+05,1,0.020335,0.020335,0,0.05
0.24007,494.3,5.3375,-0.01793,0,8.1017e+05,1,0.021691,0.021691,0,0.05
0.24016,494.3,5.3395,-0.017957,0,8.1014e+05,1,0.023047,0.023047,0,0.05
0.24025,494.29,5.3414,-0.017989,0,8.1012e+05,1,0.024403,0.024403,0,0.05
0.24033,494.29,5.3432,-0.018033,0,8.1009e+05,1,0.025758,0.025758,0,0.05
0.24042,494.29,5.345,-0.018077,0,8.1007e+05,1,0.027114,0.027114,0,0.05
0.2405,494.28,5.3468,-0.018121,0,8.1005e+05,1,0.02847,0.02847,0,0.05
0.24058,494.28,5.3486,-0.018165,0,8.1002e+05,1,0.029825,0.029825,0,0.05
0.24066,494.27,5.3504,-0.018209,0,8.1e+05,1,0.031181,0.031181,0,0.05
0.24074,494.27,5.3521,-0.018258,0,8.0998e+05,1,0.032537,0.032537,0,0.05
0.24081,494.27,5.3537,-0.018316,0,8.0996e+05,1,0.033893,0.033893,0,0.05
0.24088,494.26,5.3553,-0.018374,0,8.0994e+05,1,0.035248,0.035248,0,0.05
0.24096,494.26,5.3569,-0.018432,0,8.0992e+05,1,0.036604,0.036604,0,0.05
0.24103,494.26,5.3585,-0.01849,0,8.0989e+05,1,0.03796,0.03796,0,0.05
0.2411,494.25,5.3601,-0.018548,0,8.0987e+05,1,0.039315,0.039315,0,0.05
0.24117,494.25,5.3616,-0.018613,0,8.0986e+05,1,0.040671,0.040671,0,0.05
0.24124,494.25,5.3632,-0.018684,0,8.0984e+05,1,0.042027,0.042027,0,0.05
0.24131,494.24,5.3647,-0.018755,0,8.0982e+05,1,0.043382,0.043382,0,0.05
0.24138,494.24,5.3663,-0.018826,0,8.098e+05,1,0.044738,0.044738,0,0.05
0.24146,494.24,5.3679,-0.018897,0,8.0978e+05,1,0.046094,0.046094,0,0.05
0.24153,494.23,5.3694,-0.018968,0,8.0976e+05,1,0.047449,0.047449,0,0.05
0.2416,494.23,5.371,-0.019047,0,8.0974e+05,1,0.048805,0.048805,0,0.05
0.24167,494.23,5.3726,-0.019131,0,8.0972e+05,1,0.050161,0.050161,0,0.05
0.24175,494.22,5.3742,-0.019215,0,8.097e+05,1,0.051517,0.051517,0,0.05
0.24182,494.22,5.3759,-0.0193,0,8.0968e+05,1,0.052872,0.052872,0,0.05
0.24189,494.22,5.3775,-0.019384,0,8.0966e+05,1,0.054228,0.054228,0,0.05
0.24197,494.21,5.3791,-0.019468,0,8.0964e+05,1,0.055584,0.055584,0,0.05
0.24204,494.21,5.3808,-0.019562,0,8.0962e+05,1,0.056939,0.056939,0,0.05
0.24212,494.21,5.3825,-0.019659,0,8.096e+05,1,0.058295,0.058295,0,0.05
0.2422,494.2,5.3841,-0.019757,0,8.0958e+05,1,0.059651,0.059651,0,0.05
0.24227,494.2,5.3858,-0.019855,0,8.0956e+05,1,0.061007,0.061007,0,0.05
0.24235,494.19,5.3875,-0.019953,0,8.0954e+05,1,0.062362,0.062362,0,0.05
0.24243,494.19,5.3892,-0.020051,0,8.0952e+05,1,0.063718,0.063718,0,0.05
0.24251,494.19,5.3909,-0.02016,0,8.095e+05,1,0.065074,0.065074,0,0.05
0.24259,494.18,5.3927,-0.020272,0,8.0948e+05,1,0.066429,0.066429,0,0.05
0.24267,494.18,5.3944,-0.020383,0,8.0946e+05,1,0.067785,0.067785,0,0.05
0.24275,494.18,5.3962,-0.020495,0,8.0944e+05,1,0.069141,0.069141,0,0.05
0.24283,494.17,5.398,-0.020607,0,8.0942e+05,1,0.070496,0.070496,0,0.05
0.24291,494.17,5.3997,-0.020719,0,8.0939e+05,1,0.071852,0.071852,0,0.05
0.24299,494.16,5.4015,-0.020843,0,8.0937e+05,1,0.073208,0.073208,0,0.05
0.24307,494.16,5.4033,-0.020969,0,8.0935e+05,1,0.074564,0.074564,0,0.05
0.24315,494.16,5.4051,-0.021095,0,8.0933e+05,1,0.075919,0.075919,0,0.05
0.24324,494.15,5.4069,-0.021221,0,8.0931e+05,1,0.077275,0.077275,0,0.05
0.24332,494.15,5.4088,-0.021347,0,8.0928e+05,1,0.078631,0.078631,0,0.05
0.2434,494.14,5.4106,-0.021473,0,8.0926e+05,1,0.079986,0.079986,0,0.05
0.24349,494.14,5.4125,-0.021614,0,8.0924e+05,1,0.081342,0.081342,0,0.05
0.24357,494.14,5.4143,-0.021754,0,8.0922e+05,1,0.082698,0.082698,0,0.05
0.24366,494.13,5.4162,-0.021895,0,8.0919e+05,1,0.084053,0.084053,0,0.05
0.24374,494.13,5.4181,-0.022035,0,8.0917e+05,1,0.085409,0.085409,0,0.05
0.24383,494.12,5.42,-0.022176,0,8.0915e+05,1,0.086765,0.086765,0,0.05
0.24391,494.12,5.4219,-0.022318,0,8.0912e+05,1,0.08812,0.08812,0,0.05
0.244,494.12,5.4238,-0.022473,0,8.091e+05,1,0.089476,0.089476,0,0.05
0.24409,494.11,5.4258,-0.022628,0,8.0908e+05,1,0.090832,0.090832,0,0.05
0.24418,494.11,5.4278,-0.022783,0,8.0905e+05,1,0.092188,0.092188,0,0.05
0.24427,494.1,5.4297,-0.022939,0,8.0903e+05,1,0.093543,0.093543,0,0.05
0.24436,494.1,5.4317,-0.023094,0,8.0901e+05,1,0.094899,0.094899,0,0.05
0.24445,494.1,5.4337,-0.023252,0,8.0898e+05,1,0.096255,0.096255,0,0.05
0.24454,494.09,5.4357,-0.023422,0,8.0896e+05,1,0.09761,0.09761,0,0.05
0.24464,494.09,5.4378,-0.023593,0,8.0893e+05,1,0.098966,0.098966,0,0.05
0.24473,494.08,5.4398,-0.023763,0,8.0891e+05,1,0.10032,0.10032,0,0.05
0.24482,494.08,5.4419,-0.023934,0,8.0888e+05,1,0.10168,0.10168,0,0.05
0.24492,494.07,5.4439,-0.024104,0,8.0886e+05,1,0.10303,0.10303,0,0.05
0.24501,494.07,5.446,-0.024279,0,8.0883e+05,1,0.10439,0.10439,0,0.05
0.24511,494.06,5.4481,-0.024465,0,8.088e+05,1,0.10574,0.10574,0,0.05
0.24521,494.06,5.4503,-0.02465,0,8.0878e+05,1,0.1071,0.1071,0,0.05
0.2453,494.05,5.4524,-0.024836,0,8.0875e+05,1,0.10846,0.10846,0,0.05
0.2454,494.05,5.4545,-0.025022,0,8.0873e+05,1,0.10981,0.10981,0,0.05
0.2455,494.04,5.4567,-0.025208,0,8.087e+05,1,0.11117,0.11117,0,0.05
0.2456,494.04,5.4589,-0.0254,0,8.0867e+05,1,0.11252,0.11252,0,0.05
0.2457,494.04,5.4611,-0.025602,0,8.0865e+05,1,0.11388,0.11388,0,0.05
0.2458,494.03,5.4634,-0.025803,0,8.0862e+05,1,0.11523,0.11523,0,0.05
0.24591,494.03,5.4656,-0.026005,0,8.0859e+05,1,0.11659,0.11659,0,0.05
0.24601,494.02,5.4679,-0.026207,0,8.0856e+05,1,0.11795,0.11795,0,0.05
0.24611,494.02,5.4701,-0.026408,0,8.0854e+05,1,0.1193,0.1193,0,0.05
0.24622,494.01,5.4724,-0.026618,0,8.0851e+05,1,0.12066,0.12066,0,0.05
0.24632,494.01,5.4748,-0.026836,0,8.0848e+05,1,0.12201,0.12201,0,0.05
0.24643,494,5.4771,-0.027054,0,8.0845e+05,1,0.12337,0.12337,0,0.05
0.24654,493.99,5.4795,-0.027272,0,8.0842e+05,1,0.12472,0.12472,0,0.05
0.24665,493.99,5.4818,-0.02749,0,8.0839e+05,1,0.12608,0.12608,0,0.05
0.24675,493.98,5.4842,-0.027707,0,8.0836e+05,1,0.12744,0.12744,0,0.05
0.24686,493.98,5.4866,-0.027935,0,8.0833e+05,1,0.12879,0.12879,0,0.05
0.24698,493.97,5.4891,-0.02817,0,8.083e+05,1,0.13015,0.13015,0,0.05
0.24709,493.97,5.4916,-0.028404,0,8.0827e+05,1,0.1315,0.1315,0,0.05
0.2472,493.96,5.494,-0.028639,0,8.0824e+05,1,0.13286,0.13286,0,0.05
0.24731,493.96,5.4965,-0.028873,0,8.0821e+05,1,0.13421,0.13421,0,0.05
0.24743,493.95,5.499,-0.029108,0,8.0818e+05,1,0.13557,0.13557,0,0.05
0.24754,493.95,5.5016,-0.029354,0,8.0815e+05,1,0.13693,0.13693,0,0.05
0.24766,493.94,5.5042,-0.029606,0,8.0812e+05,1,0.13828,0.13828,0,0.05
0.24778,493.94,5.5068,-0.029857,0,8.0809e+05,1,0.13964,0.13964,0,0.05
0.2479,493.93,5.5094,-0.030109,0,8.0805e+05,1,0.14099,0.14099,0,0.05
0.24802,493.92,5.512,-0.030361,0,8.0802e+05,1,0.14235,0.14235,0,0.05
0.24814,493.92,5.5146,-0.030612,0,8.0799e+05,1,0.1437,0.1437,0,0.05
0.24826,493.91,5.5173,-0.030878,0,8.0796e+05,1,0.14506,0.14506,0,0.05
0.24839,493.91,5.52,-0.031147,0,8.0792e+05,1,0.14642,0.14642,0,0.05
0.24851,493.9,5.5228,-0.031416,0,8.0789e+05,1,0.14777,0.14777,0,0.05
0.24864,493.89,5.5255,-0.031685,0,8.0786e+05,1,0.14913,0.14913,0,0.05
0.24876,493.89,5.5283,-0.031954,0,8.0782e+05,1,0.15048,0.15048,0,0.05
0.24889,493.88,5.531,-0.032224,0,8.0779e+05,1,0.15184,0.15184,0,0.05
0.24902,493.87,5.5339,-0.032509,0,8.0775e+05,1,0.15319,0.15319,0,0.05
0.24915,493.87,5.5368,-0.032796,0,8.0772e+05,1,0.15455,0.15455,0,0.05
0.24928,493.86,5.5397,-0.033083,0,8.0768e+05,1,0.15591,0.15591,0,0.05
0.24941,493.86,5.5426,-0.03337,0,8.0764e+05,1,0.15726,0.15726,0,0.05
0.24955,493.85,5.5455,-0.033657,0,8.0761e+05,1,0.15862,0.15862,0,0.05
0.24968,493.84,5.5484,-0.033944,0,8.0757e+05,1,0.15997,0.15997,0,0.05
0.24982,493.84,5.5514,-0.03425,0,8.0754e+05,1,0.16133,0.16133,0,0.05
0.24996,493.83,5.5545,-0.034555,0,8.075e+05,1,0.16268,0.16268,0,0.05
0.25009,493.82,5.5575,-0.034861,0,8.0746e+05,1,0.16404,0.16404,0,0.05
0.25023,493.82,5.5606,-0.035167,0,8.0742e+05,1,0.1654,0.1654,0,0.05
0.25037,493.81,5.5636,-0.035472,0,8.0738e+05,1,0.16675,0.16675,0,0.05
0.25051,493.8,5.5667,-0.035779,0,8.0735e+05,1,0.16811,0.16811,0,0.05
0.25066,493.79,5.5699,-0.036104,0,8.0731e+05,1,0.16946,0.16946,0,0.05
0.25081,493.79,5.5731,-0.036429,0,8.0727e+05,1,0.17082,0.17082,0,0.05
0.25095,493.78,5.5763,-0.036753,0,8.0723e+05,1,0.17217,0.17217,0,0.05
0.2511,493.77,5.5795,-0.037078,0,8.0719e+05,1,0.17353,0.17353,0,0.05
0.25125,493.77,5.5828,-0.037402,0,8.0715e+05,1,0.17489,0.17489,0,0.05
0.25139,493.76,5.586,-0.037731,0,8.0711e+05,1,0.17624,0.17624,0,0.05
0.25155,493.75,5.5894,-0.038075,0,8.0706e+05,1,0.1776,0.1776,0,0.05
0.2517,493.74,5.5928,-0.038419,0,8.0702e+05,1,0.17895,0.17895,0,0.05
0.25186,493.74,5.5962,-0.038763,0,8.0698e+05,1,0.18031,0.18031,0,0.05
0.25201,493.73,5.5996,-0.039107,0,8.0694e+05,1,0.18166,0.18166,0,0.05
0.25217,493.72,5.603,-0.039451,0,8.0689e+05,1,0.18302,0.18302,0,0.05
0.25232,493.71,5.6064,-0.039801,0,8.0685e+05,1,0.18438,0.18438,0,0.05
0.25249,493.71,5.6099,-0.040165,0,8.0681e+05,1,0.18573,0.18573,0,0.05
0.25265,493.7,5.6135,-0.040529,0,8.0676e+05,1,0.18709,0.18709,0,0.05
0.25281,493.69,5.617,-0.040893,0,8.0672e+05,1,0.18844,0.18844,0,0.05
0.25297,493.68,5.6205,-0.041258,0,8.0667e+05,1,0.1898,0.1898,0,0.05
0.25313,493.67,5.6241,-0.041622,0,8.0663e+05,1,0.19115,0.19115,0,0.05
0.2533,493.67,5.6278,-0.042014,-1.0881e-22,8.0658e+05,1,0.19251,0.19251,0,0.05
0.25349,493.66,5.632,-0.042452,-3.9839e-22,8.0653e+05,1,0.19387,0.19387,0,0.05
0.25368,493.65,5.6361,-0.042891,-6.8798e-22,8.0648e+05,1,0.19522,0.19522,0,0.05
0.25387,493.64,5.6402,-0.04333,-9.7756e-22,8.0643e+05,1,0.19658,0.19658,0,0.05
0.25406,493.63,5.6444,-0.043768,-1.2671e-21,8.0638e+05,1,0.19793,0.19793,0,0.05
0.25424,493.62,5.6485,-0.044207,-1.5567e-21,8.0633e+05,1,0.19929,0.19929,0,0.05
0.25443,493.61,5.6525,-0.044631,-1.7088e-21,8.0629e+05,1,0.20064,0.20064,0,0.05
0.2546,493.6,5.6563,-0.045038,-1.7088e-21,8.0624e+05,1,0.202,0.202,0,0.05
0.25478,493.59,5.6602,-0.045446,-1.7088e-21,8.062e+05,1,0.20335,0.20335,0,0.05
0.25495,493.58,5.664,-0.045854,-1.7088e-21,8.0615e+05,1,0.20471,0.20471,0,0.05
0.25513,493.57,5.6679,-0.046261,-1.7088e-21,8.061e+05,1,0.20607,0.20607,0,0.05
0.2553,493.57,5.6717,-0.046669,-1.7088e-21,8.0606e+05,1,0.20742,0.20742,0,0.05
0.25548,493.56,5.6756,-0.047077,-1.7088e-21,8.0601e+05,1,0.20878,0.20878,0,0.05
0.25566,493.55,5.6794,-0.047484,-1.7076e-21,8.0597e+05,1,0.21013,0.21013,0,0.05
0.25585,493.54,5.6837,-0.047913,-1.4788e-21,8.0592e+05,1,0.21149,0.21149,0,0.05
0.25604,493.53,5.6879,-0.048342,-1.25e-21,8.0586e+05,1,0.21284,0.21284,0,0.05
0.25624,493.52,5.6921,-0.048771,-1.0212e-21,8.0581e+05,1,0.2142,0.2142,0,0.05
0.25643,493.51,5.6963,-0.0492,-7.9246e-22,8.0576e+05,1,0.21556,0.21556,0,0.05
0.25662,493.5,5.7006,-0.049628,-5.6367e-22,8.0571e+05,1,0.21691,0.21691,0,0.05
0.25681,493.49,5.7048,-0.050057,-3.3489e-22,8.0566e+05,1,0.21827,0.21827,0,0.05
0.25701,493.48,5.709,-0.050486,-1.0611e-22,8.056e+05,1,0.21962,0.21962,0,0.05
0.25721,493.47,5.7135,-0.050926,1.0398e-42,8.0555e+05,1,0.22098,0.22098,0,0.05
0.25742,493.46,5.7181,-0.051377,6.5721e-43,8.0549e+05,1,0.22233,0.22233,0,0.05
0.25763,493.45,5.7227,-0.051828,9.5288e-44,8.0543e+05,1,0.22369,0.22369,0,0.05
0.25784,493.44,5.7274,-0.052278,0,8.0537e+05,1,0.22505,0.22505,0,0.05
0.25806,493.43,5.732,-0.052729,3.3631e-44,8.0531e+05,1,0.2264,0.2264,0,0.05
0.25827,493.42,5.7366,-0.053179,1.0636e-42,8.0526e+05,1,0.22776,0.22776,0,0.05
0.25848,493.41,5.7413,-0.05363,7.354e-42,8.052e+05,1,0.22911,0.22911,0,0.05
0.25869,493.4,5.7459,-0.054082,8.6585e-41,8.0514e+05,1,0.23047,0.23047,0,0.05
0.25892,493.38,5.7509,-0.054554,2.7488e-41,8.0508e+05,1,0.23182,0.23182,0,0.05
0.25914,493.37,5.7559,-0.055027,4.6986e-42,8.0501e+05,1,0.23318,0.23318,0,0.05
0.25937,493.36,5.7608,-0.055499,1.3452e-43,8.0495e+05,1,0.23454,0.23454,0,0.05
0.2596,493.35,5.7658,-0.055971,8.4078e-45,8.0489e+05,1,0.23589,0.23589,0,0.05
0.25983,493.34,5.7708,-0.056444,2.5251e-42,8.0482e+05,1,0.23725,0.23725,0,0.05
0.26005,493.33,5.7757,-0.056916,2.5634e-41,8.0476e+05,1,0.2386,0.2386,0,0.05
0.26028,493.32,5.7807,-0.057388,1.1482e-40,8.047e+05,1,0.23996,0.23996,0,0.05
0.26052,493.3,5.7859,-0.057873,2.2034e-21,8.0463e+05,1,0.24131,0.24131,0,0.05
0.26076,493.29,5.7912,-0.058367,5.8902e-21,8.0456e+05,1,0.24267,0.24267,0,0.05
0.261,493.28,5.7965,-0.058861,9.5769e-21,8.0449e+05,1,0.24403,0.24403,0,0.05
0.26124,493.27,5.8018,-0.059354,1.3264e-20,8.0443e+05,1,0.24538,0.24538,0,0.05
0.26149,493.25,5.8071,-0.059848,1.695e-20,8.0436e+05,1,0.24674,0.24674,0,0.05
0.26173,493.24,5.8124,-0.060341,2.0637e-20,8.0429e+05,1,0.24809,0.24809,0,0.05
0.26197,493.23,5.8177,-0.060835,2.4324e-20,8.0422e+05,1,0.24945,0.24945,0,0.05
0.26222,493.22,5.8231,-0.061331,2.7062e-20,8.0415e+05,1,0.2508,0.2508,0,0.05
0.26247,493.2,5.8287,-0.061846,2.3364e-20,8.0408e+05,1,0.25216,0.25216,0,0.05
0.26273,493.19,5.8344,-0.06236,1.9665e-20,8.0401e+05,1,0.25352,0.25352,0,0.05
0.26299,493.18,5.84,-0.062874,1.5966e-20,8.0393e+05,1,0.25487,0.25487,0,0.05
0.26325,493.16,5.8457,-0.063389,1.2267e-20,8.0386e+05,1,0.25623,0.25623,0,0.05
0.26351,493.15,5.8513,-0.063903,8.5683e-21,8.0379e+05,1,0.25758,0.25758,0,0.05
0.26377,493.14,5.857,-0.064418,4.8695e-21,8.0371e+05,1,0.25894,0.25894,0,0.05
0.26402,493.12,5.8627,-0.064932,1.1706e-21,8.0364e+05,1,0.26029,0.26029,0,0.05
0.26429,493.11,5.8686,-0.06546,-7.2844e-23,8.0356e+05,1,0.26165,0.26165,0,0.05
0.26457,493.1,5.8746,-0.065994,-4.6509e-23,8.0349e+05,1,0.26301,0.26301,0,0.05
0.26485,493.08,5.8806,-0.066528,-2.0174e-23,8.0341e+05,1,0.26436,0.26436,0,0.05
0.26512,493.07,5.8867,-0.067063,6.1607e-24,8.0333e+05,1,0.26572,0.26572,0,0.05
0.2654,493.05,5.8927,-0.067597,3.2495e-23,8.0325e+05,1,0.26707,0.26707,0,0.05
0.26567,493.04,5.8987,-0.068131,5.883e-23,8.0317e+05,1,0.26843,0.26843,0,0.05
0.26595,493.03,5.9048,-0.068666,8.5165e-23,8.0309e+05,1,0.26978,0.26978,0,0.05
0.26623,493.01,5.9109,-0.069204,-4.8531e-21,8.0301e+05,1,0.27114,0.27114,0,0.05
0.26652,493,5.9173,-0.069757,-3.0974e-20,8.0293e+05,1,0.2725,0.2725,0,0.05
0.26682,492.98,5.9237,-0.070311,-5.7096e-20,8.0284e+05,1,0.27385,0.27385,0,0.05
0.26711,492.97,5.9302,-0.070865,-8.3217e-20,8.0276e+05,1,0.27521,0.27521,0,0.05
0.26741,492.95,5.9366,-0.071418,-1.0934e-19,8.0268e+05,1,0.27656,0.27656,0,0.05
0.2677,492.93,5.943,-0.071972,-1.3546e-19,8.0259e+05,1,0.27792,0.27792,0,0.05
0.26799,492.92,5.9495,-0.072525,-1.6158e-19,8.0251e+05,1,0.27927,0.27927,0,0.05
0.26829,492.9,5.9559,-0.073079,-1.877e-19,8.0242e+05,1,0.28063,0.28063,0,0.05
0.2686,492.89,5.9627,-0.073645,-1.7606e-19,8.0233e+05,1,0.28199,0.28199,0,0.05
0.26891,492.87,5.9695,-0.074217,-1.4978e-19,8.0224e+05,1,0.28334,0.28334,0,0.05
0.26922,492.85,5.9764,-0.074789,-1.2349e-19,8.0215e+05,1,0.2847,0.2847,0,0.05
0.26954,492.84,5.9832,-0.07536,-9.7204e-20,8.0206e+05,1,0.28605,0.28605,0,0.05
0.26985,492.82,5.9901,-0.075932,-7.0919e-20,8.0197e+05,1,0.28741,0.28741,0,0.05
0.27017,492.81,5.997,-0.076504,-4.4634e-20,8.0188e+05,1,0.28876,0.28876,0,0.05
0.27048,492.79,6.0038,-0.077075,-1.8348e-20,8.0179e+05,1,0.29012,0.29012,0,0.05
0.2708,492.77,6.0108,-0.077651,1.6402e-20,8.017e+05,1,0.29148,0.29148,0,0.05
0.27113,492.75,6.0181,-0.07824,7.6365e-20,8.016e+05,1,0.29283,0.29283,0,0.05
0.27147,492.74,6.0254,-0.078828,1.3633e-19,8.015e+05,1,0.29419,0.29419,0,0.05
0.2718,492.72,6.0327,-0.079416,1.9629e-19,8.0141e+05,1,0.29554,0.29554,0,0.05
0.27214,492.7,6.04,-0.080005,2.5625e-19,8.0131e+05,1,0.2969,0.2969,0,0.05
0.27247,492.68,6.0473,-0.080593,3.1622e-19,8.0121e+05,1,0.29825,0.29825,0,0.05
0.2728,492.67,6.0546,-0.081182,3.7618e-19,8.0111e+05,1,0.29961,0.29961,0,0.05
0.27314,492.65,6.0619,-0.08177,4.3614e-19,8.0102e+05,1,0.30097,0.30097,0,0.05
0.27349,492.63,6.0696,-0.082371,4.02e-19,8.0091e+05,1,0.30232,0.30232,0,0.05
0.27385,492.61,6.0774,-0.082975,3.4164e-19,8.0081e+05,1,0.30368,0.30368,0,0.05
0.2742,492.59,6.0852,-0.083579,2.8128e-19,8.007e+05,1,0.30503,0.30503,0,0.05
0.27456,492.57,6.0929,-0.084182,2.2091e-19,8.006e+05,1,0.30639,0.30639,0,0.05
0.27491,492.55,6.1007,-0.084786,1.6055e-19,8.0049e+05,1,0.30774,0.30774,0,0.05
0.27527,492.54,6.1085,-0.08539,1.0018e-19,8.0039e+05,1,0.3091,0.3091,0,0.05
0.27562,492.52,6.1162,-0.085994,3.982e-20,8.0029e+05,1,0.31046,0.31046,0,0.05
0.27599,492.5,6.1242,-0.086602,-1.1091e-20,8.0018e+05,1,0.31181,0.31181,0,0.05
0.27637,492.48,6.1324,-0.08722,-4.1234e-20,8.0007e+05,1,0.31317,0.31317,0,0.05
0.27674,492.46,6.1407,-0.087837,-7.1376e-20,7.9995e+05,1,0.31452,0.31452,0,0.05
0.27712,492.44,6.149,-0.088455,-1.0152e-19,7.9984e+05,1,0.31588,0.31588,0,0.05
0.2775,492.42,6.1572,-0.089072,-1.3166e-19,7.9973e+05,1,0.31723,0.31723,0,0.05
0.27788,492.4,6.1655,-0.08969,-1.6181e-19,7.9962e+05,1,0.31859,0.31859,0,0.05
0.27826,492.38,6.1738,-0.090307,-1.9195e-19,7.995e+05,1,0.31995,0.31995,0,0.05
0.27864,492.35,6.182,-0.090925,-2.2209e-19,7.9939e+05,1,0.3213,0.3213,0,0.05
0.27904,492.33,6.1907,-0.091552,-2.0769e-19,7.9927e+05,1,0.32266,0.32266,0,0.05
0.27944,492.31,6.1995,-0.092181,-1.8503e-19,7.9915e+05,1,0.32401,0.32401,0,0.05
0.27984,492.29,6.2083,-0.09281,-1.6236e-19,7.9903e+05,1,0.32537,0.32537,0,0.05
0.28024,492.27,6.2171,-0.093439,-1.397e-19,7.9891e+05,1,0.32672,0.32672,0,0.05
0.28065,492.25,6.2258,-0.094069,-1.1703e-19,7.9879e+05,1,0.32808,0.32808,0,0.05
0.28105,492.22,6.2346,-0.094698,-9.4368e-20,7.9867e+05,1,0.32944,0.32944,0,0.05
0.28145,492.2,6.2434,-0.095327,-7.1705e-20,7.9855e+05,1,0.33079,0.33079,0,0.05
0.28186,492.18,6.2524,-0.09596,-5.7522e-20,7.9843e+05,1,0.33215,0.33215,0,0.05
0.28229,492.16,6.2617,-0.096598,-5.7522e-20,7.983e+05,1,0.3335,0.3335,0,0.05
0.28272,492.13,6.271,-0.097237,-5.7522e-20,7.9817e+05,1,0.33486,0.33486,0,0.05
0.28314,492.11,6.2803,-0.097876,-5.7522e-20,7.9804e+05,1,0.33621,0.33621,0,0.05
0.28357,492.09,6.2896,-0.098514,-5.7522e-20,7.9791e+05,1,0.33757,0.33757,0,0.05
0.284,492.06,6.299,-0.099153,-5.7522e-20,7.9778e+05,1,0.33893,0.33893,0,0.05
0.28442,492.04,6.3083,-0.099792,-5.7522e-20,7.9765e+05,1,0.34028,0.34028,0,0.05
0.28485,492.02,6.3176,-0.10043,-5.7522e-20,7.9752e+05,1,0.34164,0.34164,0,0.05
0.2853,491.99,6.3274,-0.10108,-4.3461e-20,7.9739e+05,1,0.34299,0.34299,0,0.05
0.28576,491.97,6.3373,-0.10172,-2.7924e-20,7.9725e+05,1,0.34435,0.34435,0,0.05
0.28621,491.94,6.3472,-0.10237,-1.2387e-20,7.9711e+05,1,0.3457,0.3457,0,0.05
0.28666,491.91,6.3571,-0.10301,3.1495e-21,7.9697e+05,1,0.34706,0.34706,0,0.05
0.28712,491.89,6.367,-0.10366,1.8687e-20,7.9683e+05,1,0.34841,0.34841,0,0.05
0.28757,491.86,6.3768,-0.1043,3.4224e-20,7.9669e+05,1,0.34977,0.34977,0,0.05
0.28802,491.84,6.3867,-0.10495,4.9761e-20,7.9655e+05,1,0.35113,0.35113,0,0.05
0.28849,491.81,6.3969,-0.1056,6.1975e-20,7.9641e+05,1,0.35248,0.35248,0,0.05
0.28897,491.79,6.4073,-0.10625,6.9888e-20,7.9626e+05,1,0.35384,0.35384,0,0.05
0.28945,491.76,6.4178,-0.1069,7.78e-20,7.9611e+05,1,0.35519,0.35519,0,0.05
0.28993,491.73,6.4283,-0.10755,8.5713e-20,7.9597e+05,1,0.35655,0.35655,0,0.05
0.29041,491.71,6.4388,-0.1082,9.3625e-20,7.9582e+05,1,0.3579,0.3579,0,0.05
0.29089,491.68,6.4492,-0.10885,1.0154e-19,7.9567e+05,1,0.35926,0.35926,0,0.05
0.29137,491.65,6.4597,-0.1095,1.0945e-19,7.9552e+05,1,0.36062,0.36062,0,0.05
0.29185,491.62,6.4702,-0.11015,1.1736e-19,7.9537e+05,1,0.36197,0.36197,0,0.05
0.29236,491.6,6.4813,-0.1108,1.3322e-19,7.9521e+05,1,0.36333,0.36333,0,0.05
0.29287,491.57,6.4924,-0.11145,1.4935e-19,7.9505e+05,1,0.36468,0.36468,0,0.05
0.29338,491.54,6.5034,-0.1121,1.6548e-19,7.9489e+05,1,0.36604,0.36604,0,0.05
0.29389,491.51,6.5145,-0.11275,1.8161e-19,7.9474e+05,1,0.36739,0.36739,0,0.05
0.2944,491.48,6.5256,-0.1134,1.9775e-19,7.9458e+05,1,0.36875,0.36875,0,0.05
0.29491,491.45,6.5367,-0.11405,2.1388e-19,7.9442e+05,1,0.37011,0.37011,0,0.05
0.29542,491.42,6.5478,-0.1147,2.3001e-19,7.9426e+05,1,0.37146,0.37146,0,0.05
0.29594,491.39,6.5592,-0.11535,2.382e-19,7.9409e+05,1,0.37282,0.37282,0,0.05
0.29648,491.36,6.571,-0.116,2.3834e-19,7.9392e+05,1,0.37417,0.37417,0,0.05
0.29702,491.33,6.5827,-0.11665,2.3848e-19,7.9375e+05,1,0.37553,0.37553,0,0.05
0.29756,491.3,6.5944,-0.1173,2.3863e-19,7.9358e+05,1,0.37688,0.37688,0,0.05
0.2981,491.27,6.6062,-0.11794,2.3877e-19,7.9341e+05,1,0.37824,0.37824,0,0.05
0.29864,491.24,6.6179,-0.11859,2.3892e-19,7.9324e+05,1,0.3796,0.3796,0,0.05
0.29918,491.21,6.6297,-0.11924,2.3906e-19,7.9307e+05,1,0.38095,0.38095,0,0.05
0.29972,491.17,6.6414,-0.11989,2.383e-19,7.929e+05,1,0.38231,0.38231,0,0.05
0.30029,491.14,6.6538,-0.12054,2.0612e-19,7.9272e+05,1,0.38366,0.38366,0,0.05
0.30086,491.11,6.6662,-0.12118,1.7395e-19,7.9253e+05,1,0.38502,0.38502,0,0.05
0.30143,491.07,6.6787,-0.12183,1.4177e-19,7.9235e+05,1,0.38637,0.38637,0,0.05
0.302,491.04,6.6911,-0.12247,1.0959e-19,7.9217e+05,1,0.38773,0.38773,0,0.05
0.30257,491.01,6.7035,-0.12312,7.7408e-20,7.9199e+05,1,0.38909,0.38909,0,0.05
0.30314,490.98,6.7159,-0.12376,4.5229e-20,7.918e+05,1,0.39044,0.39044,0,0.05
0.30372,490.94,6.7283,-0.12441,1.305e-20,7.9162e+05,1,0.3918,0.3918,0,0.05
0.3043,490.91,6.7411,-0.12506,-1.0294e-20,7.9143e+05,1,0.39315,0.39315,0,0.05
0.30491,490.87,6.7542,-0.1257,-2.6658e-20,7.9124e+05,1,0.39451,0.39451,0,0.05
0.30551,490.84,6.7674,-0.12634,-4.3022e-20,7.9104e+05,1,0.39586,0.39586,0,0.05
0.30612,490.8,6.7805,-0.12699,-5.9385e-20,7.9084e+05,1,0.39722,0.39722,0,0.05
0.30672,490.77,6.7936,-0.12763,-7.5749e-20,7.9065e+05,1,0.39858,0.39858,0,0.05
0.30732,490.73,6.8067,-0.12828,-9.2113e-20,7.9045e+05,1,0.39993,0.39993,0,0.05
0.30793,490.69,6.8198,-0.12892,-1.0848e-19,7.9026e+05,1,0.40129,0.40129,0,0.05
0.30853,490.66,6.833,-0.12957,-1.2152e-19,7.9006e+05,1,0.40264,0.40264,0,0.05
0.30917,490.62,6.8469,-0.13021,-1.0073e-19,7.8985e+05,1,0.404,0.404,0,0.05
0.30981,490.58,6.8607,-0.13085,-7.9934e-20,7.8964e+05,1,0.40535,0.40535,0,0.05
0.31045,490.54,6.8745,-0.13149,-5.9141e-20,7.8943e+05,1,0.40671,0.40671,0,0.05
0.31108,490.51,6.8884,-0.13213,-3.8347e-20,7.8922e+05,1,0.40807,0.40807,0,0.05
0.31172,490.47,6.9022,-0.13277,-1.7554e-20,7.8901e+05,1,0.40942,0.40942,0,0.05
0.31236,490.43,6.9161,-0.13341,3.2384e-21,7.888e+05,1,0.41078,0.41078,0,0.05
0.313,490.39,6.9299,-0.13405,2.4031e-20,7.886e+05,1,0.41213,0.41213,0,0.05
0.31366,490.35,6.9443,-0.13468,3.4439e-20,7.8838e+05,1,0.41349,0.41349,0,0.05
0.31433,490.31,6.9589,-0.13531,3.8484e-20,7.8815e+05,1,0.41484,0.41484,0,0.05
0.31501,490.27,6.9736,-0.13594,4.253e-20,7.8793e+05,1,0.4162,0.4162,0,0.05
0.31568,490.23,6.9882,-0.13657,4.6575e-20,7.877e+05,1,0.41756,0.41756,0,0.05
0.31636,490.19,7.0028,-0.1372,5.062e-20,7.8748e+05,1,0.41891,0.41891,0,0.05
0.31703,490.15,7.0175,-0.13783,5.4666e-20,7.8726e+05,1,0.42027,0.42027,0,0.05
0.31771,490.11,7.0321,-0.13846,5.8711e-20,7.8703e+05,1,0.42162,0.42162,0,0.05
0.31839,490.06,7.0469,-0.13908,6.0249e-20,7.8681e+05,1,0.42298,0.42298,0,0.05
0.31909,490.02,7.0621,-0.13969,4.7666e-20,7.8657e+05,1,0.42433,0.42433,0,0.05
0.31979,489.98,7.0773,-0.1403,3.5085e-20,7.8633e+05,1,0.42569,0.42569,0,0.05
0.32049,489.93,7.0925,-0.14091,2.2502e-20,7.8609e+05,1,0.42705,0.42705,0,0.05
0.3212,489.89,7.1077,-0.14152,9.9204e-21,7.8585e+05,1,0.4284,0.4284,0,0.05
0.3219,489.85,7.123,-0.14213,-2.6617e-21,7.8561e+05,1,0.42976,0.42976,0,0.05
0.3226,489.8,7.1382,-0.14274,-1.5244e-20,7.8537e+05,1,0.43111,0.43111,0,0.05
0.3233,489.76,7.1534,-0.14335,-2.7826e-20,7.8513e+05,1,0.43247,0.43247,0,0.05
0.32404,489.71,7.1695,-0.14396,-4.172e-20,7.8488e+05,1,0.43382,0.43382,0,0.05
0.3248,489.67,7.1859,-0.14459,-5.6227e-20,7.8462e+05,1,0.43518,0.43518,0,0.05
0.32556,489.62,7.2023,-0.14521,-7.0734e-20,7.8435e+05,1,0.43654,0.43654,0,0.05
0.32632,489.57,7.2188,-0.14583,-8.5241e-20,7.8409e+05,1,0.43789,0.43789,0,0.05
0.32708,489.52,7.2352,-0.14646,-9.9748e-20,7.8383e+05,1,0.43925,0.43925,0,0.05
0.32784,489.48,7.2516,-0.14708,-1.1426e-19,7.8357e+05,1,0.4406,0.4406,0,0.05
0.3286,489.43,7.2681,-0.1477,-1.2876e-19,7.833e+05,1,0.44196,0.44196,0,0.05
0.32938,489.38,7.2849,-0.14833,-1.3582e-19,7.8303e+05,1,0.44331,0.44331,0,0.05
0.33017,489.33,7.3021,-0.14895,-1.3582e-19,7.8276e+05,1,0.44467,0.44467,0,0.05
0.33097,489.28,7.3194,-0.14958,-1.3582e-19,7.8248e+05,1,0.44603,0.44603,0,0.05
0.33177,489.23,7.3366,-0.1502,-1.3582e-19,7.822e+05,1,0.44738,0.44738,0,0.05
0.33256,489.18,7.3538,-0.15083,-1.3582e-19,7.8192e+05,1,0.44874,0.44874,0,0.05
0.33336,489.13,7.3711,-0.15145,-1.3582e-19,7.8165e+05,1,0.45009,0.45009,0,0.05
0.33416,489.08,7.3883,-0.15208,-1.3582e-19,7.8137e+05,1,0.45145,0.45145,0,0.05
0.33497,489.03,7.4058,-0.1527,-1.3603e-19,7.8109e+05,1,0.4528,0.4528,0,0.05
0.3358,488.97,7.4239,-0.15332,-1.3663e-19,7.8079e+05,1,0.45416,0.45416,0,0.05
0.33664,488.92,7.442,-0.15395,-1.3724e-19,7.805e+05,1,0.45552,0.45552,0,0.05
0.33748,488.86,7.46,-0.15457,-1.3784e-19,7.802e+05,1,0.45687,0.45687,0,0.05
0.33831,488.81,7.4781,-0.1552,-1.3844e-19,7.7991e+05,1,0.45823,0.45823,0,0.05
0.33915,488.76,7.4962,-0.15582,-1.3905e-19,7.7961e+05,1,0.45958,0.45958,0,0.05
0.33998,488.7,7.5142,-0.15644,-1.3965e-19,7.7932e+05,1,0.46094,0.46094,0,0.05
0.34083,488.65,7.5325,-0.15707,-1.4015e-19,7.7902e+05,1,0.46229,0.46229,0,0.05
0.34171,488.59,7.5515,-0.15769,-1.4015e-19,7.787e+05,1,0.46365,0.46365,0,0.05
0.34259,488.53,7.5705,-0.15831,-1.4015e-19,7.7839e+05,1,0.46501,0.46501,0,0.05
0.34347,488.47,7.5895,-0.15893,-1.4015e-19,7.7807e+05,1,0.46636,0.46636,0,0.05
0.34435,488.42,7.6084,-0.15955,-1.4015e-19,7.7776e+05,1,0.46772,0.46772,0,0.05
0.34523,488.36,7.6274,-0.16017,-1.4015e-19,7.7745e+05,1,0.46907,0.46907,0,0.05
0.34611,488.3,7.6464,-0.1608,-1.4015e-19,7.7713e+05,1,0.47043,0.47043,0,0.05
0.34699,488.24,7.6654,-0.16142,-1.4015e-19,7.7682e+05,1,0.47178,0.47178,0,0.05
0.34792,488.18,7.6854,-0.16204,-1.4079e-19,7.7648e+05,1,0.47314,0.47314,0,0.05
0.34885,488.12,7.7054,-0.16266,-1.4143e-19,7.7614e+05,1,0.47449,0.47449,0,0.05
0.34977,488.06,7.7254,-0.16328,-1.4207e-19,7.7581e+05,1,0.47585,0.47585,0,0.05
0.3507,487.99,7.7454,-0.1639,-1.4271e-19,7.7547e+05,1,0.47721,0.47721,0,0.05
0.35163,487.93,7.7654,-0.16452,-1.4335e-19,7.7513e+05,1,0.47856,0.47856,0,0.05
0.35256,487.87,7.7854,-0.16514,-1.4399e-19,7.748e+05,1,0.47992,0.47992,0,0.05
0.35349,487.81,7.8054,-0.16576,-1.4462e-19,7.7446e+05,1,0.48127,0.48127,0,0.05
0.35446,487.74,7.8263,-0.16637,-1.4473e-19,7.7411e+05,1,0.48263,0.48263,0,0.05
0.35543,487.68,7.8474,-0.16699,-1.4473e-19,7.7375e+05,1,0.48398,0.48398,0,0.05
0.35641,487.61,7.8684,-0.16761,-1.4473e-19,7.7339e+05,1,0.48534,0.48534,0,0.05
0.35739,487.54,7.8895,-0.16823,-1.4473e-19,7.7303e+05,1,0.4867,0.4867,0,0.05
0.35837,487.48,7.9105,-0.16885,-1.4473e-19,7.7267e+05,1,0.48805,0.48805,0,0.05
0.35935,487.41,7.9316,-0.16946,-1.4473e-19,7.7231e+05,1,0.48941,0.48941,0,0.05
0.36033,487.34,7.9526,-0.17008,-1.4473e-19,7.7195e+05,1,0.49076,0.49076,0,0.05
0.36134,487.27,7.9744,-0.1707,-1.3114e-19,7.7157e+05,1,0.49212,0.49212,0,0.05
0.36237,487.2,7.9966,-0.17131,-1.1095e-19,7.7118e+05,1,0.49347,0.49347,0,0.05
0.3634,487.13,8.0188,-0.17193,-9.0765e-20,7.708e+05,1,0.49483,0.49483,0,0.05
0.36443,487.06,8.0409,-0.17255,-7.0574e-20,7.7041e+05,1,0.49619,0.49619,0,0.05
0.36546,486.99,8.0631,-0.17316,-5.0384e-20,7.7003e+05,1,0.49754,0.49754,0,0.05
0.36649,486.92,8.0852,-0.17378,-3.0194e-20,7.6964e+05,1,0.4989,0.4989,0,0.05
0.36753,486.85,8.1074,-0.17439,-1.0003e-20,7.6926e+05,1,0.50025,0.50025,0,0.05
0.36858,486.77,8.1301,-0.17501,0,7.6886e+05,1,0.50161,0.50161,0,0.05
0.36967,486.7,8.1534,-0.17562,0,7.6845e+05,1,0.50296,0.50296,0,0.05
0.37076,486.62,8.1768,-0.17623,0,7.6803e+05,1,0.50432,0.50432,0,0.05
0.37184,486.54,8.2001,-0.17685,0,7.6762e+05,1,0.50568,0.50568,0,0.05
0.37293,486.47,8.2234,-0.17746,0,7.6721e+05,1,0.50703,0.50703,0,0.05
0.37402,486.39,8.2467,-0.17807,0,7.6679e+05,1,0.50839,0.50839,0,0.05
0.3751,486.31,8.27,-0.17868,0,7.6638e+05,1,0.50974,0.50974,0,0.05
0.37621,486.23,8.2937,-0.1793,0,7.6596e+05,1,0.5111,0.5111,0,0.05
0.37736,486.15,8.3183,-0.1799,0,7.6552e+05,1,0.51245,0.51245,0,0.05
0.3785,486.07,8.3428,-0.18051,0,7.6508e+05,1,0.51381,0.51381,0,0.05
0.37965,485.99,8.3674,-0.18112,0,7.6463e+05,1,0.51517,0.51517,0,0.05
0.38079,485.91,8.3919,-0.18173,0,7.6419e+05,1,0.51652,0.51652,0,0.05
0.38194,485.82,8.4165,-0.18234,0,7.6375e+05,1,0.51788,0.51788,0,0.05
0.38309,485.74,8.441,-0.18295,0,7.6331e+05,1,0.51923,0.51923,0,0.05
0.38424,485.66,8.4658,-0.18355,0,7.6286e+05,1,0.52059,0.52059,0,0.05
0.38545,485.57,8.4916,-0.18416,0,7.6239e+05,1,0.52194,0.52194,0,0.05
0.38666,485.48,8.5174,-0.18476,0,7.6191e+05,1,0.5233,0.5233,0,0.05
0.38787,485.39,8.5432,-0.18536,0,7.6144e+05,1,0.52466,0.52466,0,0.05
0.38908,485.3,8.5691,-0.18597,0,7.6096e+05,1,0.52601,0.52601,0,0.05
0.39028,485.22,8.5949,-0.18657,0,7.6049e+05,1,0.52737,0.52737,0,0.05
0.39149,485.13,8.6207,-0.18717,0,7.6002e+05,1,0.52872,0.52872,0,0.05
0.3927,485.04,8.6466,-0.18777,0,7.5954e+05,1,0.53008,0.53008,0,0.05
0.39397,484.94,8.6738,-0.18837,0,7.5904e+05,1,0.53143,0.53143,0,0.05
0.39525,484.85,8.701,-0.18896,0,7.5853e+05,1,0.53279,0.53279,0,0.05
0.39652,484.75,8.7282,-0.18956,0,7.5802e+05,1,0.53415,0.53415,0,0.05
0.3978,484.66,8.7554,-0.19015,0,7.5751e+05,1,0.5355,0.5355,0,0.05
0.39907,484.56,8.7826,-0.19075,0,7.57e+05,1,0.53686,0.53686,0,0.05
0.40035,484.47,8.8098,-0.19134,0,7.5649e+05,1,0.53821,0.53821,0,0.05
0.40162,484.37,8.837,-0.19194,0,7.5599e+05,1,0.53957,0.53957,0,0.05
0.40296,484.27,8.8654,-0.19252,0,7.5545e+05,1,0.54092,0.54092,0,0.05
0.4043,484.17,8.894,-0.19311,0,7.549e+05,1,0.54228,0.54228,0,0.05
0.40565,484.07,8.9227,-0.19369,0,7.5436e+05,1,0.54364,0.54364,0,0.05
0.40699,483.96,8.9513,-0.19428,0,7.5381e+05,1,0.54499,0.54499,0,0.05
0.40834,483.86,8.9799,-0.19486,0,7.5326e+05,1,0.54635,0.54635,0,0.05
0.40968,483.76,9.0086,-0.19544,0,7.5272e+05,1,0.5477,0.5477,0,0.05
0.41103,483.66,9.0372,-0.19603,0,7.5217e+05,1,0.54906,0.54906,0,0.05
0.41242,483.55,9.0669,-0.1966,0,7.516e+05,1,0.55041,0.55041,0,0.05
0.41384,483.44,9.0971,-0.19717,0,7.5102e+05,1,0.55177,0.55177,0,0.05
0.41527,483.33,9.1272,-0.19774,0,7.5043e+05,1,0.55313,0.55313,0,0.05
0.41669,483.22,9.1574,-0.19831,0,7.4984e+05,1,0.55448,0.55448,0,0.05
0.41811,483.11,9.1876,-0.19888,0,7.4926e+05,1,0.55584,0.55584,0,0.05
0.41953,482.99,9.2177,-0.19945,0,7.4867e+05,1,0.55719,0.55719,0,0.05
0.42095,482.88,9.2479,-0.20002,0,7.4809e+05,1,0.55855,0.55855,0,0.05
0.42241,482.77,9.2789,-0.20058,0,7.4748e+05,1,0.5599,0.5599,0,0.05
0.42391,482.65,9.3107,-0.20112,0,7.4685e+05,1,0.56126,0.56126,0,0.05
0.42541,482.53,9.3425,-0.20167,0,7.4622e+05,1,0.56262,0.56262,0,0.05
0.42691,482.41,9.3743,-0.20222,0,7.4559e+05,1,0.56397,0.56397,0,0.05
0.42841,482.29,9.4061,-0.20277,0,7.4496e+05,1,0.56533,0.56533,0,0.05
0.42991,482.17,9.4379,-0.20332,0,7.4433e+05,1,0.56668,0.56668,0,0.05
0.43141,482.05,9.4696,-0.20387,0,7.437e+05,1,0.56804,0.56804,0,0.05
0.43294,481.93,9.502,-0.20441,7.8673e-21,7.4306e+05,1,0.56939,0.56939,0,0.05
0.43452,481.8,9.5355,-0.20493,3.189e-20,7.4238e+05,1,0.57075,0.57075,0,0.05
0.43611,481.67,9.569,-0.20546,5.5912e-20,7.417e+05,1,0.57211,0.57211,0,0.05
0.4377,481.54,9.6025,-0.20598,7.9935e-20,7.4103e+05,1,0.57346,0.57346,0,0.05
0.43928,481.42,9.636,-0.2065,1.0396e-19,7.4035e+05,1,0.57482,0.57482,0,0.05
0.44087,481.29,9.6695,-0.20703,1.2798e-19,7.3967e+05,1,0.57617,0.57617,0,0.05
0.44245,481.16,9.703,-0.20755,1.52e-19,7.39e+05,1,0.57753,0.57753,0,0.05
0.44405,481.03,9.7368,-0.20807,1.722e-19,7.3831e+05,1,0.57888,0.57888,0,0.05
0.44573,480.89,9.7721,-0.20856,1.722e-19,7.3758e+05,1,0.58024,0.58024,0,0.05
0.44741,480.75,9.8074,-0.20904,1.722e-19,7.3685e+05,1,0.5816,0.5816,0,0.05
0.44908,480.61,9.8427,-0.20953,1.722e-19,7.3613e+05,1,0.58295,0.58295,0,0.05
0.45076,480.47,9.8781,-0.21002,1.722e-19,7.354e+05,1,0.58431,0.58431,0,0.05
0.45244,480.33,9.9134,-0.21051,1.722e-19,7.3467e+05,1,0.58566,0.58566,0,0.05
0.45411,480.19,9.9487,-0.211,1.722e-19,7.3394e+05,1,0.58702,0.58702,0,0.05
0.45579,480.05,9.984,-0.21149,1.722e-19,7.3321e+05,1,0.58837,0.58837,0,0.05
0.45756,479.9,10.021,-0.21193,1.7311e-19,7.3243e+05,1,0.58973,0.58973,0,0.05
0.45933,479.75,10.058,-0.21238,1.7402e-19,7.3164e+05,1,0.59109,0.59109,0,0.05
0.46111,479.6,10.096,-0.21282,1.7494e-19,7.3086e+05,1,0.59244,0.59244,0,0.05
0.46288,479.45,10.133,-0.21327,1.7586e-19,7.3008e+05,1,0.5938,0.5938,0,0.05
0.46465,479.3,10.17,-0.21371,1.7678e-19,7.2929e+05,1,0.59515,0.59515,0,0.05
0.46642,479.15,10.207,-0.21416,1.777e-19,7.2851e+05,1,0.59651,0.59651,0,0.05
0.4682,479,10.245,-0.2146,1.7862e-19,7.2772e+05,1,0.59786,0.59786,0,0.05
0.47005,478.84,10.283,-0.215,1.7878e-19,7.2689e+05,1,0.59922,0.59922,0,0.05
0.47193,478.67,10.323,-0.21539,1.7878e-19,7.2605e+05,1,0.60058,0.60058,0,0.05
0.4738,478.51,10.362,-0.21578,1.7878e-19,7.252e+05,1,0.60193,0.60193,0,0.05
0.47568,478.35,10.401,-0.21616,1.7878e-19,7.2436e+05,1,0.60329,0.60329,0,0.05
0.47755,478.18,10.44,-0.21655,1.7878e-19,7.2352e+05,1,0.60464,0.60464,0,0.05
0.47943,478.02,10.48,-0.21694,1.7878e-19,7.2267e+05,1,0.606,0.606,0,0.05
0.4813,477.86,10.519,-0.21733,1.7878e-19,7.2183e+05,1,0.60735,0.60735,0,0.05
0.48325,477.68,10.56,-0.21767,1.7942e-19,7.2094e+05,1,0.60871,0.60871,0,0.05
0.48523,477.51,10.601,-0.21799,1.804e-19,7.2003e+05,1,0.61006,0.61006,0,0.05
0.48722,477.33,10.642,-0.21831,1.8137e-19,7.1912e+05,1,0.61142,0.61142,0,0.05
0.4892,477.15,10.684,-0.21863,1.8235e-19,7.1821e+05,1,0.61278,0.61278,0,0.05
0.49119,476.98,10.725,-0.21894,1.8333e-19,7.1731e+05,1,0.61413,0.61413,0,0.05
0.49317,476.8,10.766,-0.21926,1.8431e-19,7.164e+05,1,0.61549,0.61549,0,0.05
0.49515,476.62,10.808,-0.21958,1.8529e-19,7.1549e+05,1,0.61684,0.61684,0,0.05
0.49719,476.44,10.85,-0.21985,1.8579e-19,7.1454e+05,1,0.6182,0.6182,0,0.05
0.49929,476.25,10.894,-0.22008,1.8579e-19,7.1357e+05,1,0.61955,0.61955,0,0.05
0.50139,476.06,10.937,-0.22032,1.8579e-19,7.1259e+05,1,0.62091,0.62091,0,0.05
0.50349,475.87,10.981,-0.22055,1.8579e-19,7.1161e+05,1,0.62227,0.62227,0,0.05
0.50559,475.67,11.024,-0.22078,1.8579e-19,7.1063e+05,1,0.62362,0.62362,0,0.05
0.50768,475.48,11.068,-0.22101,1.8579e-19,7.0965e+05,1,0.62498,0.62498,0,0.05
0.50978,475.29,11.111,-0.22124,1.8579e-19,7.0867e+05,1,0.62633,0.62633,0,0.05
0.51192,475.09,11.156,-0.22143,1.7753e-19,7.0767e+05,1,0.62769,0.62769,0,0.05
0.51414,474.89,11.202,-0.22156,1.5161e-19,7.0662e+05,1,0.62904,0.62904,0,0.05
0.51636,474.68,11.247,-0.22168,1.2569e-19,7.0556e+05,1,0.6304,0.6304,0,0.05
0.51858,474.47,11.293,-0.2218,9.9775e-20,7.0451e+05,1,0.63176,0.63176,0,0.05
0.5208,474.26,11.339,-0.22193,7.3856e-20,7.0346e+05,1,0.63311,0.63311,0,0.05
0.52302,474.06,11.385,-0.22205,4.7937e-20,7.024e+05,1,0.63447,0.63447,0,0.05
0.52523,473.85,11.431,-0.22218,2.2018e-20,7.0135e+05,1,0.63582,0.63582,0,0.05
0.52747,473.64,11.477,-0.22228,4.14e-21,7.0028e+05,1,0.63718,0.63718,0,0.05
0.52982,473.41,11.525,-0.22228,3.1649e-20,6.9915e+05,1,0.63853,0.63853,0,0.05
0.53216,473.19,11.574,-0.22227,5.9157e-20,6.9802e+05,1,0.63989,0.63989,0,0.05
0.53451,472.96,11.622,-0.22227,8.6666e-20,6.9689e+05,1,0.64125,0.64125,0,0.05
0.53685,472.74,11.67,-0.22226,1.1418e-19,6.9575e+05,1,0.6426,0.6426,0,0.05
0.5392,472.51,11.718,-0.22226,1.4168e-19,6.9462e+05,1,0.64396,0.64396,0,0.05
0.54155,472.29,11.767,-0.22225,1.6919e-19,6.9349e+05,1,0.64531,0.64531,0,0.05
0.54389,472.07,11.815,-0.22225,1.967e-19,6.9235e+05,1,0.64667,0.64667,0,0.05
0.54637,471.82,11.865,-0.22209,1.9719e-19,6.9114e+05,1,0.64802,0.64802,0,0.05
0.54884,471.58,11.916,-0.22193,1.9719e-19,6.8992e+05,1,0.64938,0.64938,0,0.05
0.55132,471.34,11.967,-0.22178,1.9719e-19,6.887e+05,1,0.65074,0.65074,0,0.05
0.5538,471.09,12.018,-0.22162,1.9719e-19,6.8749e+05,1,0.65209,0.65209,0,0.05
0.55627,470.85,12.068,-0.22146,1.9719e-19,6.8627e+05,1,0.65345,0.65345,0,0.05
0.55875,470.61,12.119,-0.2213,1.9719e-19,6.8505e+05,1,0.6548,0.6548,0,0.05
0.56123,470.36,12.17,-0.22115,1.9719e-19,6.8384e+05,1,0.65616,0.65616,0,0.05
0.56381,470.1,12.222,-0.22085,1.9813e-19,6.8255e+05,1,0.65751,0.65751,0,0.05
0.56642,469.84,12.275,-0.22051,1.9928e-19,6.8124e+05,1,0.65887,0.65887,0,0.05
0.56904,469.58,12.328,-0.22018,2.0043e-19,6.7994e+05,1,0.66023,0.66023,0,0.05
0.57165,469.31,12.382,-0.21985,2.0159e-19,6.7863e+05,1,0.66158,0.66158,0,0.05
0.57426,469.05,12.435,-0.21952,2.0274e-19,6.7733e+05,1,0.66294,0.66294,0,0.05
0.57687,468.79,12.488,-0.21918,2.0389e-19,6.7602e+05,1,0.66429,0.66429,0,0.05
0.57949,468.53,12.541,-0.21885,2.0504e-19,6.7471e+05,1,0.66565,0.66565,0,0.05
0.58219,468.25,12.596,-0.21839,2.0545e-19,6.7335e+05,1,0.667,0.667,0,0.05
0.58494,467.97,12.651,-0.21786,2.0545e-19,6.7195e+05,1,0.66836,0.66836,0,0.05
0.58769,467.68,12.707,-0.21733,2.0545e-19,6.7056e+05,1,0.66972,0.66972,0,0.05
0.59044,467.4,12.763,-0.2168,2.0545e-19,6.6916e+05,1,0.67107,0.67107,0,0.05
0.59319,467.11,12.818,-0.21627,2.0545e-19,6.6776e+05,1,0.67243,0.67243,0,0.05
0.59594,466.83,12.874,-0.21574,2.0545e-19,6.6636e+05,1,0.67378,0.67378,0,0.05
0.59869,466.55,12.929,-0.21521,2.0545e-19,6.6497e+05,1,0.67514,0.67514,0,0.05
0.6015,466.25,12.986,-0.21458,2.0605e-19,6.6353e+05,1,0.67649,0.67649,0,0.05
0.60439,465.95,13.044,-0.21384,2.0729e-19,6.6203e+05,1,0.67785,0.67785,0,0.05
0.60727,465.64,13.102,-0.21309,2.0853e-19,6.6054e+05,1,0.67921,0.67921,0,0.05
0.61015,465.34,13.16,-0.21234,2.0977e-19,6.5905e+05,1,0.68056,0.68056,0,0.05
0.61303,465.03,13.218,-0.2116,2.1101e-19,6.5756e+05,1,0.68192,0.68192,0,0.05
0.61591,464.73,13.275,-0.21085,2.1225e-19,6.5607e+05,1,0.68327,0.68327,0,0.05
0.61879,464.42,13.333,-0.21011,2.1349e-19,6.5458e+05,1,0.68463,0.68463,0,0.05
0.62178,464.1,13.393,-0.20929,2.1434e-19,6.5306e+05,1,0.68598,0.68598,0,0.05
0.62502,463.75,13.457,-0.20833,2.1434e-19,6.5148e+05,1,0.68734,0.68734,0,0.05
0.62825,463.4,13.522,-0.20737,2.1434e-19,6.4991e+05,1,0.6887,0.6887,0,0.05
0.63148,463.05,13.586,-0.20641,2.1434e-19,6.4833e+05,1,0.69005,0.69005,0,0.05
0.63471,462.7,13.651,-0.20545,2.1434e-19,6.4675e+05,1,0.69141,0.69141,0,0.05
0.63794,462.35,13.715,-0.20448,2.1434e-19,6.4518e+05,1,0.69276,0.69276,0,0.05
0.64118,462,13.779,-0.20352,2.1434e-19,6.436e+05,1,0.69412,0.69412,0,0.05
0.64436,461.65,13.843,-0.20257,2.1084e-19,6.4201e+05,1,0.69547,0.69547,0,0.05
0.64723,461.33,13.9,-0.20171,1.8605e-19,6.4037e+05,1,0.69683,0.69683,0,0.05
0.65011,461.02,13.957,-0.20084,1.6126e-19,6.3873e+05,1,0.69819,0.69819,0,0.05
0.65298,460.7,14.013,-0.19998,1.3647e-19,6.3709e+05,1,0.69954,0.69954,0,0.05
0.65586,460.38,14.07,-0.19911,1.1168e-19,6.3545e+05,1,0.7009,0.7009,0,0.05
0.65873,460.06,14.127,-0.19825,8.6896e-20,6.3381e+05,1,0.70225,0.70225,0,0.05
0.6616,459.74,14.184,-0.19739,6.211e-20,6.3217e+05,1,0.70361,0.70361,0,0.05
0.66448,459.42,14.241,-0.19652,3.7322e-20,6.3053e+05,1,0.70496,0.70496,0,0.05
0.6689,458.92,14.328,-0.19513,3.3454e-20,6.2762e+05,1,0.70632,0.70632,0,0.05
0.67337,458.42,14.416,-0.19372,3.0158e-20,6.2469e+05,1,0.70768,0.70768,0,0.05
0.67783,457.91,14.503,-0.19231,2.6861e-20,6.2175e+05,1,0.70903,0.70903,0,0.05
0.68224,457.41,14.59,-0.19085,1.8809e-20,6.1898e+05,1,0.71039,0.71039,0,0.05
0.68654,456.92,14.674,-0.18927,2.0043e-21,6.1652e+05,1,0.71174,0.71174,0,0.05
0.69085,456.42,14.758,-0.1877,-1.48e-20,6.1407e+05,1,0.7131,0.7131,0,0.05
0.69515,455.93,14.842,-0.18612,-3.1604e-20,6.1161e+05,1,0.71445,0.71445,0,0.05
0.69918,455.46,14.92,-0.18446,-2.8777e-20,6.0932e+05,1,0.71581,0.71581,0,0.05
0.7031,455.01,14.996,-0.18277,-1.8711e-20,6.0709e+05,1,0.71717,0.71717,0,0.05
0.70703,454.55,15.073,-0.18108,-8.6453e-21,6.0486e+05,1,0.71852,0.71852,0,0.05
0.71093,454.09,15.148,-0.17938,1.7912e-21,6.0266e+05,1,0.71988,0.71988,0,0.05
0.71464,453.66,15.22,-0.1776,1.5251e-20,6.006e+05,1,0.72123,0.72123,0,0.05
0.71834,453.22,15.291,-0.17581,2.8712e-20,5.9854e+05,1,0.72259,0.72259,0,0.05
0.72205,452.78,15.363,-0.17403,4.2172e-20,5.9648e+05,1,0.72394,0.72394,0,0.05
0.72573,452.35,15.434,-0.17222,4.248e-20,5.9445e+05,1,0.7253,0.7253,0,0.05
0.72938,451.91,15.504,-0.17036,2.898e-20,5.9245e+05,1,0.72666,0.72666,0,0.05
0.73303,451.48,15.574,-0.1685,1.5481e-20,5.9045e+05,1,0.72801,0.72801,0,0.05
0.73668,451.04,15.644,-0.16665,1.9822e-21,5.8845e+05,1,0.72937,0.72937,0,0.05
0.74036,450.6,15.715,-0.16473,-1.152e-20,5.8645e+05,1,0.73072,0.73072,0,0.05
0.74404,450.15,15.785,-0.16281,-2.5024e-20,5.8444e+05,1,0.73208,0.73208,0,0.05
0.74773,449.71,15.855,-0.16088,-3.8527e-20,5.8243e+05,1,0.73343,0.73343,0,0.05
0.75143,449.26,15.926,-0.15894,-4.7071e-20,5.8042e+05,1,0.73479,0.73479,0,0.05
0.75517,448.8,15.997,-0.15696,-4.0341e-20,5.7837e+05,1,0.73615,0.73615,0,0.05
0.75892,448.35,16.068,-0.15497,-3.3611e-20,5.7633e+05,1,0.7375,0.7375,0,0.05
0.76267,447.89,16.14,-0.15299,-2.6881e-20,5.7429e+05,1,0.73886,0.73886,0,0.05
0.76645,447.43,16.211,-0.15097,-2.4334e-20,5.7222e+05,1,0.74021,0.74021,0,0.05
0.77027,446.96,16.284,-0.14893,-2.431e-20,5.7014e+05,1,0.74157,0.74157,0,0.05
0.77408,446.49,16.356,-0.14689,-2.4286e-20,5.6805e+05,1,0.74292,0.74292,0,0.05
0.7779,446.02,16.428,-0.14486,-2.4262e-20,5.6597e+05,1,0.74428,0.74428,0,0.05
0.78178,445.53,16.501,-0.14277,-2.4262e-20,5.6385e+05,1,0.74563,0.74563,0,0.05
0.78566,445.05,16.574,-0.14069,-2.4262e-20,5.6173e+05,1,0.74699,0.74699,0,0.05
0.78954,444.57,16.646,-0.13861,-2.4262e-20,5.596e+05,1,0.74835,0.74835,0,0.05
0.79345,444.08,16.72,-0.13652,-1.6668e-20,5.5747e+05,1,0.7497,0.7497,0,0.05
0.79739,443.58,16.793,-0.1344,3.2683e-21,5.5531e+05,1,0.75106,0.75106,0,0.05
0.80134,443.09,16.867,-0.13228,2.3205e-20,5.5315e+05,1,0.75241,0.75241,0,0.05
0.80528,442.59,16.941,-0.13016,4.3142e-20,5.5099e+05,1,0.75377,0.75377,0,0.05
0.80928,442.09,17.015,-0.12802,3.7771e-20,5.4881e+05,1,0.75512,0.75512,0,0.05
0.81329,441.58,17.089,-0.12587,2.4388e-20,5.4662e+05,1,0.75648,0.75648,0,0.05
0.8173,441.07,17.164,-0.12372,1.1005e-20,5.4442e+05,1,0.75784,0.75784,0,0.05
0.82133,440.56,17.239,-0.12157,-2.3586e-21,5.4223e+05,1,0.75919,0.75919,0,0.05
0.82541,440.03,17.314,-0.1194,-1.5596e-20,5.4e+05,1,0.76055,0.76055,0,0.05
0.82949,439.51,17.389,-0.11722,-2.8833e-20,5.3777e+05,1,0.7619,0.7619,0,0.05
0.83358,438.99,17.464,-0.11505,-4.207e-20,5.3554e+05,1,0.76326,0.76326,0,0.05
0.8377,438.46,17.54,-0.11286,-3.4805e-20,5.333e+05,1,0.76461,0.76461,0,0.05
0.84186,437.92,17.617,-0.11066,-8.3666e-21,5.3103e+05,1,0.76597,0.76597,0,0.05
0.84603,437.38,17.693,-0.10846,1.8071e-20,5.2877e+05,1,0.76733,0.76733,0,0.05
0.85019,436.84,17.769,-0.10626,4.451e-20,5.265e+05,1,0.76868,0.76868,0,0.05
0.85443,436.29,17.846,-0.10403,3.5464e-20,5.242e+05,1,0.77004,0.77004,0,0.05
0.85868,435.74,17.924,-0.10181,2.227e-20,5.2189e+05,1,0.77139,0.77139,0,0.05
0.86293,435.18,18.001,-0.099579,9.0754e-21,5.1959e+05,1,0.77275,0.77275,0,0.05
0.86721,434.62,18.079,-0.097344,-4.0809e-21,5.1727e+05,1,0.7741,0.7741,0,0.05
0.87157,434.05,18.157,-0.095088,-1.7136e-20,5.1492e+05,1,0.77546,0.77546,0,0.05
0.87592,433.48,18.236,-0.092831,-3.0191e-20,5.1257e+05,1,0.77682,0.77682,0,0.05
0.88027,432.9,18.315,-0.090574,-4.3246e-20,5.1022e+05,1,0.77817,0.77817,0,0.05
0.88471,432.32,18.394,-0.088293,-4.3347e-20,5.0783e+05,1,0.77953,0.77953,0,0.05
0.88918,431.72,18.475,-0.085999,-3.655e-20,5.0543e+05,1,0.78088,0.78088,0,0.05
0.89366,431.13,18.555,-0.083705,-2.9753e-20,5.0303e+05,1,0.78224,0.78224,0,0.05
0.89814,430.54,18.635,-0.08141,-2.2966e-20,5.0062e+05,1,0.78359,0.78359,0,0.05
0.90276,429.92,18.718,-0.079067,-1.6501e-20,4.9816e+05,1,0.78495,0.78495,0,0.05
0.90738,429.3,18.8,-0.076725,-1.0036e-20,4.9569e+05,1,0.78631,0.78631,0,0.05
0.912,428.68,18.882,-0.074383,-3.5718e-21,4.9323e+05,1,0.78766,0.78766,0,0.05
0.91669,428.05,18.965,-0.072014,4.1528e-21,4.9074e+05,1,0.78902,0.78902,0,0.05
0.92148,427.41,19.05,-0.069608,1.3693e-20,4.882e+05,1,0.79037,0.79037,0,0.05
0.92628,426.76,19.135,-0.067203,2.3232e-20,4.8566e+05,1,0.79173,0.79173,0,0.05
0.93108,426.11,19.219,-0.064797,3.2772e-20,4.8312e+05,1,0.79308,0.79308,0,0.05
0.93606,425.44,19.307,-0.062324,2.7191e-20,4.8051e+05,1,0.79444,0.79444,0,0.05
0.9411,424.75,19.395,-0.059833,1.755e-20,4.7789e+05,1,0.7958,0.7958,0,0.05
0.94614,424.07,19.483,-0.057342,7.9091e-21,4.7526e+05,1,0.79715,0.79715,0,0.05
0.95119,423.38,19.571,-0.054832,-6.4649e-22,4.7261e+05,1,0.79851,0.79851,0,0.05
0.95634,422.68,19.661,-0.052223,-3.7889e-21,4.6985e+05,1,0.79986,0.79986,0,0.05
0.96149,421.97,19.75,-0.049614,-6.9314e-21,4.6709e+05,1,0.80122,0.80122,0,0.05
0.96665,421.27,19.84,-0.047004,-1.0074e-20,4.6432e+05,1,0.80257,0.80257,0,0.05
0.97257,420.45,19.942,-0.043657,-9.769e-21,4.613e+05,1,0.80393,0.80393,0,0.05
0.97914,419.54,20.054,-0.039693,-6.5929e-21,4.5805e+05,1,0.80529,0.80529,0,0.05
0.98571,418.64,20.167,-0.03573,-3.4168e-21,4.5481e+05,1,0.80664,0.80664,0,0.05
0.99228,417.73,20.28,-0.031767,-2.4074e-22,4.5156e+05,1,0.808,0.808,0,0.05
0.99657,417.13,20.353,-0.028686,-7.5532e-21,4.4947e+05,1,0.80935,0.80935,0,0.05
1.0007,416.56,20.422,-0.025678,-1.5726e-20,4.4748e+05,1,0.81071,0.81071,0,0.05
1.0048,415.99,20.492,-0.022669,-2.3899e-20,4.4549e+05,1,0.81206,0.81206,0,0.05
1.0089,415.42,20.562,-0.019661,-3.2072e-20,4.4349e+05,1,0.81342,0.81342,0,0.05
1.013,414.85,20.631,-0.016652,-4.0246e-20,4.415e+05,1,0.81478,0.81478,0,0.05
1.0171,414.27,20.701,-0.013644,-4.8419e-20,4.3951e+05,1,0.81613,0.81613,0,0.05
1.0211,413.71,20.769,-0.010555,-5.412e-20,4.3752e+05,1,0.81749,0.81749,0,0.05
1.025,413.17,20.833,-0.007281,-5.412e-20,4.3556e+05,1,0.81884,0.81884,0,0.05
1.0288,412.63,20.898,-0.0040071,-5.412e-20,4.3359e+05,1,0.8202,0.8202,0,0.05
1.0327,412.09,20.962,-0.00073294,-5.412e-20,4.3162e+05,1,0.82155,0.82155,0,0.05
1.0365,411.55,21.027,0.0025412,-5.412e-20,4.2965e+05,1,0.82291,0.82291,0,0.05
1.0404,411.01,21.091,0.0058153,-5.412e-20,4.2768e+05,1,0.82427,0.82427,0,0.05
1.0442,410.47,21.156,0.0090894,-5.412e-20,4.2572e+05,1,0.82562,0.82562,0,0.05
1.0482,409.92,21.221,0.012531,-4.8556e-20,4.2375e+05,1,0.82698,0.82698,0,0.05
1.0521,409.36,21.286,0.016051,-4.0382e-20,4.2178e+05,1,0.82833,0.82833,0,0.05
1.0561,408.8,21.352,0.019571,-3.221e-20,4.1981e+05,1,0.82969,0.82969,0,0.05
1.0601,408.24,21.417,0.02309,-2.4037e-20,4.1785e+05,1,0.83104,0.83104,0,0.05
1.064,407.68,21.482,0.02661,-1.5864e-20,4.1588e+05,1,0.8324,0.8324,0,0.05
1.068,407.12,21.548,0.03013,-7.6905e-21,4.1391e+05,1,0.83376,0.83376,0,0.05
1.0719,406.56,21.613,0.033664,0,4.1194e+05,1,0.83511,0.83511,0,0.05
1.0761,405.97,21.68,0.03741,0,4.0992e+05,1,0.83647,0.83647,0,0.05
1.0802,405.39,21.747,0.041157,0,4.079e+05,1,0.83782,0.83782,0,0.05
1.0843,404.8,21.814,0.044903,0,4.0588e+05,1,0.83918,0.83918,0,0.05
1.0884,404.22,21.881,0.04865,0,4.0386e+05,1,0.84053,0.84053,0,0.05
1.0925,403.63,21.948,0.052396,0,4.0185e+05,1,0.84189,0.84189,0,0.05
1.0966,403.05,22.015,0.056143,-0,3.9983e+05,1,0.84325,0.84325,0,0.05
1.1008,402.45,22.083,0.059979,-3.2269e-21,3.9779e+05,1,0.8446,0.8446,0,0.05
1.1051,401.84,22.151,0.06393,-1.0606e-20,3.9573e+05,1,0.84596,0.84596,0,0.05
1.1093,401.23,22.219,0.067881,-1.7984e-20,3.9367e+05,1,0.84731,0.84731,0,0.05
1.1136,400.63,22.287,0.071832,-2.5363e-20,3.9161e+05,1,0.84867,0.84867,0,0.05
1.1178,400.02,22.356,0.075783,-3.2742e-20,3.8955e+05,1,0.85002,0.85002,0,0.05
1.1221,399.41,22.424,0.079733,-4.012e-20,3.8749e+05,1,0.85138,0.85138,0,0.05
1.1264,398.8,22.492,0.083684,-4.7499e-20,3.8543e+05,1,0.85274,0.85274,0,0.05
1.1307,398.18,22.561,0.08778,-4.8859e-20,3.8335e+05,1,0.85409,0.85409,0,0.05
1.1351,397.55,22.63,0.091908,-4.8859e-20,3.8127e+05,1,0.85545,0.85545,0,0.05
1.1394,396.92,22.699,0.096036,-4.8859e-20,3.7918e+05,1,0.8568,0.8568,0,0.05
1.1438,396.29,22.768,0.10016,-4.8859e-20,3.771e+05,1,0.85816,0.85816,0,0.05
1.1482,395.66,22.837,0.10429,-4.8859e-20,3.7502e+05,1,0.85951,0.85951,0,0.05
1.1526,395.04,22.906,0.10842,-4.8859e-20,3.7294e+05,1,0.86087,0.86087,0,0.05
1.157,394.4,22.975,0.11258,-4.7429e-20,3.7085e+05,1,0.86223,0.86223,0,0.05
1.1614,393.76,23.045,0.11685,-4.005e-20,3.6877e+05,1,0.86358,0.86358,0,0.05
1.1659,393.12,23.114,0.12112,-3.2671e-20,3.6668e+05,1,0.86494,0.86494,0,0.05
1.1703,392.47,23.183,0.12539,-2.5293e-20,3.6459e+05,1,0.86629,0.86629,0,0.05
1.1748,391.83,23.253,0.12967,-1.7914e-20,3.6251e+05,1,0.86765,0.86765,0,0.05
1.1793,391.19,23.322,0.13394,-1.0535e-20,3.6042e+05,1,0.869,0.869,0,0.05
1.1837,390.54,23.391,0.13821,-3.1565e-21,3.5833e+05,1,0.87036,0.87036,0,0.05
1.1882,389.89,23.461,0.14254,0,3.5625e+05,1,0.87172,0.87172,0,0.05
1.1928,389.24,23.53,0.14692,0,3.5418e+05,1,0.87307,0.87307,0,0.05
1.1973,388.58,23.599,0.15129,0,3.521e+05,1,0.87443,0.87443,0,0.05
1.2018,387.92,23.669,0.15567,-0,3.5002e+05,1,0.87578,0.87578,0,0.05
1.2064,387.27,23.738,0.16004,-0,3.4795e+05,1,0.87714,0.87714,0,0.05
1.2109,386.61,23.807,0.16442,0,3.4587e+05,1,0.87849,0.87849,0,0.05
1.2154,385.96,23.876,0.1688,0,3.438e+05,1,0.87985,0.87985,0,0.05
1.22,385.29,23.945,0.17323,0,3.4174e+05,1,0.88121,0.88121,0,0.05
1.2246,384.63,24.014,0.17767,0,3.3969e+05,1,0.88256,0.88256,0,0.05
1.2292,383.96,24.083,0.18211,0,3.3764e+05,1,0.88392,0.88392,0,0.05
1.2338,383.3,24.152,0.18655,0,3.3559e+05,1,0.88527,0.88527,0,0.05
1.2384,382.63,24.221,0.19099,0,3.3354e+05,1,0.88663,0.88663,0,0.05
1.243,381.97,24.29,0.19543,0,3.3148e+05,1,0.88798,0.88798,0,0.05
1.2476,381.3,24.359,0.19988,-2.1219e-21,3.2944e+05,1,0.88934,0.88934,0,0.05
1.2522,380.63,24.427,0.20437,-8.575e-21,3.2742e+05,1,0.89069,0.89069,0,0.05
1.2568,379.95,24.496,0.20885,-1.5028e-20,3.2541e+05,1,0.89205,0.89205,0,0.05
1.2614,379.28,24.564,0.21334,-2.1481e-20,3.2339e+05,1,0.89341,0.89341,0,0.05
1.2661,378.61,24.632,0.21782,-2.7934e-20,3.2137e+05,1,0.89476,0.89476,0,0.05
1.2707,377.94,24.701,0.22231,-3.4387e-20,3.1935e+05,1,0.89612,0.89612,0,0.05
1.2753,377.27,24.769,0.22679,-4.084e-20,3.1733e+05,1,0.89747,0.89747,0,0.05
1.28,376.59,24.837,0.23128,-4.273e-20,3.1534e+05,1,0.89883,0.89883,0,0.05
1.2846,375.91,24.904,0.23578,-4.273e-20,3.1337e+05,1,0.90018,0.90018,0,0.05
1.2893,375.24,24.972,0.24027,-4.273e-20,3.1139e+05,1,0.90154,0.90154,0,0.05
1.294,374.56,25.039,0.24476,-4.273e-20,3.0941e+05,1,0.9029,0.9029,0,0.05
1.2986,373.89,25.107,0.24926,-4.273e-20,3.0743e+05,1,0.90425,0.90425,0,0.05
1.3033,373.21,25.175,0.25375,-4.273e-20,3.0546e+05,1,0.90561,0.90561,0,0.05
1.3079,372.53,25.242,0.25824,-4.2179e-20,3.0349e+05,1,0.90696,0.90696,0,0.05
1.3126,371.85,25.309,0.26267,-3.5726e-20,3.0156e+05,1,0.90832,0.90832,0,0.05
1.3173,371.18,25.375,0.2671,-2.9273e-20,2.9964e+05,1,0.90967,0.90967,0,0.05
1.3219,370.5,25.441,0.27154,-2.282e-20,2.9771e+05,1,0.91103,0.91103,0,0.05
1.3266,369.82,25.508,0.27597,-1.6367e-20,2.9578e+05,1,0.91239,0.91239,0,0.05
1.3313,369.15,25.574,0.2804,-9.9139e-21,2.9386e+05,1,0.91374,0.91374,0,0.05
1.3359,368.47,25.641,0.28483,-3.461e-21,2.9193e+05,1,0.9151,0.9151,0,0.05
1.3406,367.79,25.707,0.28921,0,2.9004e+05,1,0.91645,0.91645,0,0.05
1.3452,367.12,25.772,0.29351,0,2.8817e+05,1,0.91781,0.91781,0,0.05
1.3499,366.44,25.837,0.29781,0,2.8631e+05,1,0.91916,0.91916,0,0.05
1.3546,365.77,25.902,0.30212,0,2.8444e+05,1,0.92052,0.92052,0,0.05
1.3592,365.09,25.967,0.30642,0,2.8258e+05,1,0.92188,0.92188,0,0.05
1.3639,364.42,26.032,0.31072,0,2.8071e+05,1,0.92323,0.92323,0,0.05
1.3685,363.74,26.098,0.31503,0,2.7885e+05,1,0.92459,0.92459,0,0.05
1.3732,363.07,26.161,0.31917,-4.8803e-21,2.7704e+05,1,0.92594,0.92594,0,0.05
1.3778,362.4,26.225,0.32328,-1.0677e-20,2.7524e+05,1,0.9273,0.9273,0,0.05
1.3824,361.73,26.288,0.32739,-1.6473e-20,2.7344e+05,1,0.92865,0.92865,0,0.05
1.387,361.06,26.352,0.33149,-2.227e-20,2.7165e+05,1,0.93001,0.93001,0,0.05
1.3917,360.39,26.415,0.3356,-2.8066e-20,2.6985e+05,1,0.93137,0.93137,0,0.05
1.3963,359.72,26.479,0.33971,-3.3863e-20,2.6805e+05,1,0.93272,0.93272,0,0.05
1.4009,359.05,26.542,0.34376,-3.8382e-20,2.6627e+05,1,0.93408,0.93408,0,0.05
1.4055,358.39,26.604,0.34761,-3.8382e-20,2.6455e+05,1,0.93543,0.93543,0,0.05
1.4101,357.73,26.666,0.35146,-3.8382e-20,2.6283e+05,1,0.93679,0.93679,0,0.05
1.4147,357.07,26.727,0.35531,-3.8382e-20,2.611e+05,1,0.93814,0.93814,0,0.05
1.4192,356.41,26.789,0.35916,-3.8382e-20,2.5938e+05,1,0.9395,0.9395,0,0.05
1.4238,355.75,26.851,0.36301,-3.8382e-20,2.5766e+05,1,0.94086,0.94086,0,0.05
1.4284,355.09,26.913,0.36686,-3.8382e-20,2.5593e+05,1,0.94221,0.94221,0,0.05
1.4329,354.43,26.973,0.37052,-3.4913e-20,2.5426e+05,1,0.94357,0.94357,0,0.05
1.4375,353.78,27.033,0.37405,-2.9116e-20,2.5261e+05,1,0.94492,0.94492,0,0.05
1.442,353.14,27.093,0.37758,-2.332e-20,2.5097e+05,1,0.94628,0.94628,0,0.05
1.4465,352.49,27.152,0.38111,-1.7524e-20,2.4932e+05,1,0.94763,0.94763,0,0.05
1.451,351.84,27.212,0.38464,-1.1727e-20,2.4768e+05,1,0.94899,0.94899,0,0.05
1.4555,351.19,27.272,0.38817,-5.9308e-21,2.4604e+05,1,0.95035,0.95035,0,0.05
1.46,350.54,27.332,0.3917,-1.343e-22,2.4439e+05,1,0.9517,0.9517,0,0.05
1.4645,349.9,27.389,0.39487,0,2.4283e+05,1,0.95306,0.95306,0,0.05
1.4689,349.27,27.447,0.39802,0,2.4127e+05,1,0.95441,0.95441,0,0.05
1.4733,348.63,27.505,0.40118,0,2.3971e+05,1,0.95577,0.95577,0,0.05
1.4778,348,27.562,0.40433,0,2.3814e+05,1,0.95712,0.95712,0,0.05
1.4822,347.36,27.62,0.40749,-0,2.3658e+05,1,0.95848,0.95848,0,0.05
1.4866,346.73,27.677,0.41064,0,2.3502e+05,1,0.95984,0.95984,0,0.05
1.491,346.1,27.734,0.41364,-1.8603e-21,2.3349e+05,1,0.96119,0.96119,0,0.05
1.4953,345.48,27.79,0.41637,-7.0983e-21,2.3201e+05,1,0.96255,0.96255,0,0.05
1.4997,344.86,27.845,0.4191,-1.2336e-20,2.3054e+05,1,0.9639,0.9639,0,0.05
1.504,344.25,27.9,0.42183,-1.7574e-20,2.2906e+05,1,0.96526,0.96526,0,0.05
1.5083,343.63,27.955,0.42455,-2.2812e-20,2.2759e+05,1,0.96661,0.96661,0,0.05
1.5127,343.01,28.011,0.42728,-2.805e-20,2.2611e+05,1,0.96797,0.96797,0,0.05
1.517,342.39,28.066,0.43001,-3.3288e-20,2.2463e+05,1,0.96933,0.96933,0,0.05
1.5212,341.79,28.119,0.43239,-3.4684e-20,2.2322e+05,1,0.97068,0.97068,0,0.05
1.5255,341.19,28.172,0.43464,-3.4684e-20,2.2183e+05,1,0.97204,0.97204,0,0.05
1.5297,340.6,28.225,0.43689,-3.4684e-20,2.2044e+05,1,0.97339,0.97339,0,0.05
1.5339,340,28.278,0.43915,-3.4684e-20,2.1906e+05,1,0.97475,0.97475,0,0.05
1.5381,339.4,28.331,0.4414,-3.4684e-20,2.1767e+05,1,0.9761,0.9761,0,0.05
1.5423,338.8,28.384,0.44365,-3.4684e-20,2.1628e+05,1,0.97746,0.97746,0,0.05
1.5465,338.21,28.436,0.44585,-3.3541e-20,2.149e+05,1,0.97882,0.97882,0,0.05
1.5506,337.63,28.487,0.44759,-2.3305e-20,2.136e+05,1,0.98017,0.98017,0,0.05
1.5547,337.06,28.537,0.44933,-1.307e-20,2.123e+05,1,0.98153,0.98153,0,0.05
1.5587,336.48,28.587,0.45107,-2.8349e-21,2.1099e+05,1,0.98288,0.98288,0,0.05
1.5628,335.9,28.637,0.4528,7.4004e-21,2.0969e+05,1,0.98424,0.98424,0,0.05
1.5669,335.33,28.688,0.45454,1.7636e-20,2.0839e+05,1,0.98559,0.98559,0,0.05
1.571,334.75,28.738,0.45628,2.7871e-20,2.0709e+05,1,0.98695,0.98695,0,0.05
1.575,334.19,28.787,0.45775,3.309e-20,2.0583e+05,1,0.98831,0.98831,0,0.05
1.5789,333.64,28.835,0.45893,3.309e-20,2.0462e+05,1,0.98966,0.98966,0,0.05
1.5828,333.09,28.882,0.46012,3.309e-20,2.0341e+05,1,0.99102,0.99102,0,0.05
1.5868,332.53,28.93,0.46131,3.309e-20,2.0219e+05,1,0.99237,0.99237,0,0.05
1.5907,331.98,28.978,0.46249,3.309e-20,2.0098e+05,1,0.99373,0.99373,0,0.05
1.5946,331.43,29.025,0.46368,3.309e-20,1.9977e+05,1,0.99508,0.99508,0,0.05
1.5985,330.88,29.073,0.46487,3.309e-20,1.9855e+05,1,0.99644,0.99644,0,0.05
1.6023,330.35,29.118,0.46555,3.2904e-20,1.9742e+05,1,0.9978,0.9978,0,0.05
1.6061,329.82,29.163,0.46615,3.2688e-20,1.9629e+05,1,0.99915,0.99915,0,0.05
1.6098,329.3,29.208,0.46676,3.2473e-20,1.9516e+05,1,1.0005,1.0005,0,0.05
1.6136,328.77,29.253,0.46736,3.2258e-20,1.9404e+05,1,1.0019,1.0019,0,0.05
1.6174,328.25,29.298,0.46796,3.2043e-20,1.9291e+05,1,1.0032,1.0032,0,0.05
1.6211,327.72,29.343,0.46857,3.1828e-20,1.9178e+05,1,1.0046,1.0046,0,0.05
1.6249,327.2,29.387,0.46902,3.0511e-20,1.9068e+05,1,1.0059,1.0059,0,0.05
1.6284,326.71,29.429,0.46902,2.5827e-20,1.8964e+05,1,1.0073,1.0073,0,0.05
1.632,326.21,29.472,0.46901,2.1143e-20,1.886e+05,1,1.0086,1.0086,0,0.05
1.6356,325.71,29.514,0.46901,1.6459e-20,1.8756e+05,1,1.01,1.01,0,0.05
1.6392,325.21,29.556,0.469,1.1775e-20,1.8652e+05,1,1.0114,1.0114,0,0.05
1.6428,324.72,29.598,0.469,7.0914e-21,1.8548e+05,1,1.0127,1.0127,0,0.05
1.6464,324.22,29.64,0.46899,2.4079e-21,1.8443e+05,1,1.0141,1.0141,0,0.05
1.6498,323.74,29.681,0.4686,-2.3371e-21,1.8345e+05,1,1.0154,1.0154,0,0.05
1.6532,323.27,29.72,0.46798,-7.1194e-21,1.8249e+05,1,1.0168,1.0168,0,0.05
1.6566,322.8,29.759,0.46736,-1.1901e-20,1.8153e+05,1,1.0181,1.0181,0,0.05
1.66,322.33,29.799,0.46674,-1.6684e-20,1.8058e+05,1,1.0195,1.0195,0,0.05
1.6634,321.87,29.838,0.46611,-2.1465e-20,1.7962e+05,1,1.0208,1.0208,0,0.05
1.6668,321.4,29.877,0.46549,-2.6248e-20,1.7866e+05,1,1.0222,1.0222,0,0.05
1.6702,320.93,29.917,0.46487,-3.1014e-20,1.777e+05,1,1.0236,1.0236,0,0.05
1.6734,320.49,29.953,0.46364,-3.0835e-20,1.7683e+05,1,1.0249,1.0249,0,0.05
1.6766,320.05,29.99,0.46241,-3.0655e-20,1.7595e+05,1,1.0263,1.0263,0,0.05
1.6798,319.61,30.026,0.46118,-3.0476e-20,1.7508e+05,1,1.0276,1.0276,0,0.05
1.683,319.17,30.063,0.45995,-3.0297e-20,1.742e+05,1,1.029,1.029,0,0.05
1.6862,318.74,30.099,0.45871,-3.0117e-20,1.7333e+05,1,1.0303,1.0303,0,0.05
1.6894,318.3,30.136,0.45748,-2.9938e-20,1.7245e+05,1,1.0317,1.0317,0,0.05
1.6925,317.87,30.171,0.45602,-2.9827e-20,1.716e+05,1,1.033,1.033,0,0.05
1.6955,317.46,30.205,0.4542,-2.9827e-20,1.7081e+05,1,1.0344,1.0344,0,0.05
1.6985,317.05,30.239,0.45237,-2.9827e-20,1.7001e+05,1,1.0358,1.0358,0,0.05
1.7015,316.65,30.273,0.45054,-2.9827e-20,1.6921e+05,1,1.0371,1.0371,0,0.05
1.7045,316.24,30.306,0.44871,-2.9827e-20,1.6841e+05,1,1.0385,1.0385,0,0.05
1.7075,315.83,30.34,0.44688,-2.9827e-20,1.6761e+05,1,1.0398,1.0398,0,0.05
1.7104,315.42,30.374,0.44505,-2.9827e-20,1.6682e+05,1,1.0412,1.0412,0,0.05
1.7133,315.04,30.405,0.44278,-2.3103e-20,1.6607e+05,1,1.0425,1.0425,0,0.05
1.716,314.66,30.436,0.44037,-1.4251e-20,1.6535e+05,1,1.0439,1.0439,0,0.05
1.7188,314.28,30.467,0.43796,-5.3999e-21,1.6463e+05,1,1.0452,1.0452,0,0.05
1.7216,313.91,30.498,0.43555,3.451e-21,1.639e+05,1,1.0466,1.0466,0,0.05
1.7244,313.53,30.529,0.43314,1.2303e-20,1.6318e+05,1,1.048,1.048,0,0.05
1.7272,313.15,30.56,0.43073,2.1154e-20,1.6246e+05,1,1.0493,1.0493,0,0.05
1.7299,312.78,30.591,0.42824,2.8193e-20,1.6175e+05,1,1.0507,1.0507,0,0.05
1.7325,312.44,30.619,0.42528,2.3918e-20,1.6109e+05,1,1.052,1.052,0,0.05
1.735,312.09,30.647,0.42231,1.9642e-20,1.6044e+05,1,1.0534,1.0534,0,0.05
1.7376,311.74,30.676,0.41934,1.5367e-20,1.5979e+05,1,1.0547,1.0547,0,0.05
1.7401,311.4,30.704,0.41638,1.1091e-20,1.5914e+05,1,1.0561,1.0561,0,0.05
1.7427,311.05,30.732,0.41341,6.8157e-21,1.5849e+05,1,1.0574,1.0574,0,0.05
1.7453,310.71,30.76,0.41045,2.5403e-21,1.5784e+05,1,1.0588,1.0588,0,0.05
1.7477,310.38,30.787,0.40722,-1.7722e-21,1.5722e+05,1,1.0602,1.0602,0,0.05
1.75,310.06,30.813,0.40373,-6.1189e-21,1.5663e+05,1,1.0615,1.0615,0,0.05
1.7524,309.75,30.838,0.40025,-1.0466e-20,1.5605e+05,1,1.0629,1.0629,0,0.05
1.7547,309.43,30.864,0.39677,-1.4813e-20,1.5547e+05,1,1.0642,1.0642,0,0.05
1.7571,309.12,30.889,0.39329,-1.916e-20,1.5488e+05,1,1.0656,1.0656,0,0.05
1.7594,308.81,30.915,0.38981,-2.3506e-20,1.543e+05,1,1.0669,1.0669,0,0.05
1.7618,308.49,30.94,0.38632,-2.7853e-20,1.5372e+05,1,1.0683,1.0683,0,0.05
1.7639,308.2,30.964,0.38243,-2.0777e-20,1.5319e+05,1,1.0696,1.0696,0,0.05
1.766,307.92,30.987,0.37848,-1.2356e-20,1.5267e+05,1,1.071,1.071,0,0.05
1.7681,307.64,31.01,0.37454,-3.9335e-21,1.5215e+05,1,1.0724,1.0724,0,0.05
1.7703,307.35,31.033,0.37059,4.4878e-21,1.5163e+05,1,1.0737,1.0737,0,0.05
1.7724,307.07,31.056,0.36665,1.291e-20,1.5111e+05,1,1.0751,1.0751,0,0.05
1.7745,306.78,31.078,0.3627,2.1331e-20,1.5059e+05,1,1.0764,1.0764,0,0.05
1.7766,306.51,31.101,0.35865,2.7455e-20,1.5009e+05,1,1.0778,1.0778,0,0.05
1.7785,306.25,31.121,0.35432,2.7455e-20,1.4963e+05,1,1.0791,1.0791,0,0.05
1.7804,306,31.142,0.34999,2.7455e-20,1.4917e+05,1,1.0805,1.0805,0,0.05
1.7823,305.74,31.162,0.34566,2.7455e-20,1.4871e+05,1,1.0818,1.0818,0,0.05
1.7842,305.49,31.183,0.34133,2.7455e-20,1.4825e+05,1,1.0832,1.0832,0,0.05
1.7861,305.24,31.203,0.337,2.7455e-20,1.478e+05,1,1.0846,1.0846,0,0.05
1.788,304.98,31.223,0.33267,2.7455e-20,1.4734e+05,1,1.0859,1.0859,0,0.05
1.7898,304.75,31.242,0.32815,2.2128e-20,1.4691e+05,1,1.0873,1.0873,0,0.05
1.7915,304.52,31.26,0.32352,1.3951e-20,1.4651e+05,1,1.0886,1.0886,0,0.05
1.7932,304.3,31.278,0.3189,5.7733e-21,1.4611e+05,1,1.09,1.09,0,0.05
1.7949,304.07,31.296,0.31428,-2.4049e-21,1.4571e+05,1,1.0913,1.0913,0,0.05
1.7966,303.85,31.315,0.30965,-1.0582e-20,1.453e+05,1,1.0927,1.0927,0,0.05
1.7983,303.62,31.333,0.30503,-1.8761e-20,1.449e+05,1,1.094,1.094,0,0.05
1.8,303.4,31.351,0.3004,-2.6579e-20,1.445e+05,1,1.0954,1.0954,0,0.05
1.8014,303.2,31.366,0.29563,-2.2601e-20,1.4415e+05,1,1.0968,1.0968,0,0.05
1.8029,303,31.382,0.29086,-1.8623e-20,1.438e+05,1,1.0981,1.0981,0,0.05
1.8044,302.81,31.398,0.28609,-1.4645e-20,1.4345e+05,1,1.0995,1.0995,0,0.05
1.8059,302.61,31.413,0.28132,-1.0666e-20,1.431e+05,1,1.1008,1.1008,0,0.05
1.8074,302.41,31.429,0.27655,-6.6885e-21,1.4276e+05,1,1.1022,1.1022,0,0.05
1.8089,302.22,31.445,0.27178,-2.7101e-21,1.4241e+05,1,1.1035,1.1035,0,0.05
1.8103,302.03,31.46,0.26702,1.2897e-21,1.4208e+05,1,1.1049,1.1049,0,0.05
1.8116,301.86,31.473,0.26227,5.3216e-21,1.4178e+05,1,1.1063,1.1063,0,0.05
1.8128,301.69,31.487,0.25753,9.3531e-21,1.4148e+05,1,1.1076,1.1076,0,0.05
1.8141,301.52,31.5,0.25278,1.3385e-20,1.4118e+05,1,1.109,1.109,0,0.05
1.8154,301.35,31.514,0.24803,1.7416e-20,1.4088e+05,1,1.1103,1.1103,0,0.05
1.8167,301.18,31.527,0.24329,2.1448e-20,1.4058e+05,1,1.1117,1.1117,0,0.05
1.818,301.01,31.541,0.23854,2.548e-20,1.4028e+05,1,1.113,1.113,0,0.05
1.8191,300.86,31.553,0.23392,2.3215e-20,1.4002e+05,1,1.1144,1.1144,0,0.05
1.8202,300.72,31.564,0.22933,1.9236e-20,1.3976e+05,1,1.1157,1.1157,0,0.05
1.8213,300.57,31.576,0.22474,1.5258e-20,1.3951e+05,1,1.1171,1.1171,0,0.05
1.8225,300.43,31.587,0.22016,1.128e-20,1.3925e+05,1,1.1185,1.1185,0,0.05
1.8236,300.28,31.599,0.21557,7.3022e-21,1.39e+05,1,1.1198,1.1198,0,0.05
1.8247,300.13,31.61,0.21098,3.3242e-21,1.3874e+05,1,1.1212,1.1212,0,0.05
1.8258,299.99,31.622,0.20644,0,1.385e+05,1,1.1225,1.1225,0,0.05
1.8267,299.87,31.632,0.20214,-0,1.3828e+05,1,1.1239,1.1239,0,0.05
1.8276,299.74,31.641,0.19784,0,1.3806e+05,1,1.1252,1.1252,0,0.05
1.8286,299.62,31.651,0.19354,0,1.3785e+05,1,1.1266,1.1266,0,0.05
1.8295,299.49,31.661,0.18924,-0,1.3763e+05,1,1.1279,1.1279,0,0.05
1.8305,299.37,31.671,0.18494,0,1.3741e+05,1,1.1293,1.1293,0,0.05
1.8314,299.24,31.681,0.18064,0,1.372e+05,1,1.1307,1.1307,0,0.05
1.8323,299.13,31.69,0.17656,0,1.37e+05,1,1.132,1.132,0,0.05
1.8331,299.02,31.699,0.17267,0,1.3682e+05,1,1.1334,1.1334,0,0.05
1.834,298.92,31.707,0.16877,0,1.3663e+05,1,1.1347,1.1347,0,0.05
1.8348,298.81,31.715,0.16488,0,1.3645e+05,1,1.1361,1.1361,0,0.05
1.8356,298.7,31.724,0.16098,0,1.3626e+05,1,1.1374,1.1374,0,0.05
1.8364,298.6,31.732,0.15709,0,1.3608e+05,1,1.1388,1.1388,0,0.05
1.8372,298.49,31.741,0.15319,0,1.359e+05,1,1.1401,1.1401,0,0.05
1.8379,298.4,31.748,0.14977,0,1.3574e+05,1,1.1415,1.1415,0,0.05
1.8386,298.3,31.755,0.14638,0,1.3558e+05,1,1.1429,1.1429,0,0.05
1.8393,298.21,31.763,0.14299,0,1.3542e+05,1,1.1442,1.1442,0,0.05
1.84,298.12,31.77,0.1396,0,1.3527e+05,1,1.1456,1.1456,0,0.05
1.8407,298.03,31.777,0.13621,0,1.3511e+05,1,1.1469,1.1469,0,0.05
1.8414,297.94,31.784,0.13282,0,1.3495e+05,1,1.1483,1.1483,0,0.05
1.8421,297.85,31.791,0.12961,1.1067e-21,1.348e+05,1,1.1496,1.1496,0,0.05
1.8427,297.77,31.798,0.12681,4.804e-21,1.3467e+05,1,1.151,1.151,0,0.05
1.8434,297.69,31.804,0.12401,8.5012e-21,1.3453e+05,1,1.1523,1.1523,0,0.05
1.844,297.6,31.81,0.1212,1.2199e-20,1.344e+05,1,1.1537,1.1537,0,0.05
1.8446,297.52,31.817,0.1184,1.5896e-20,1.3426e+05,1,1.1551,1.1551,0,0.05
1.8452,297.44,31.823,0.1156,1.9594e-20,1.3413e+05,1,1.1564,1.1564,0,0.05
1.8458,297.36,31.83,0.11279,2.3291e-20,1.3399e+05,1,1.1578,1.1578,0,0.05
1.8464,297.29,31.836,0.11042,2.4483e-20,1.3387e+05,1,1.1591,1.1591,0,0.05
1.847,297.21,31.841,0.10826,2.4483e-20,1.3375e+05,1,1.1605,1.1605,0,0.05
1.8475,297.14,31.847,0.1061,2.4483e-20,1.3363e+05,1,1.1618,1.1618,0,0.05
1.8481,297.07,31.853,0.10393,2.4483e-20,1.3351e+05,1,1.1632,1.1632,0,0.05
1.8487,296.99,31.858,0.10177,2.4483e-20,1.3339e+05,1,1.1645,1.1645,0,0.05
1.8492,296.92,31.864,0.099604,2.4483e-20,1.3327e+05,1,1.1659,1.1659,0,0.05
1.8498,296.85,31.87,0.097477,2.4075e-20,1.3315e+05,1,1.1673,1.1673,0,0.05
1.8503,296.78,31.875,0.095977,1.6763e-20,1.3304e+05,1,1.1686,1.1686,0,0.05
1.8508,296.71,31.881,0.094476,9.4525e-21,1.3293e+05,1,1.17,1.17,0,0.05
1.8513,296.64,31.886,0.092976,2.141e-21,1.3282e+05,1,1.1713,1.1713,0,0.05
1.8519,296.58,31.891,0.091475,-5.1698e-21,1.3271e+05,1,1.1727,1.1727,0,0.05
1.8524,296.51,31.897,0.089975,-1.2481e-20,1.326e+05,1,1.174,1.174,0,0.05
1.8529,296.44,31.902,0.088474,-1.9792e-20,1.3249e+05,1,1.1754,1.1754,0,0.05
1.8534,296.37,31.907,0.08726,-2.3929e-20,1.3239e+05,1,1.1767,1.1767,0,0.05
1.8539,296.31,31.912,0.086421,-2.3929e-20,1.3228e+05,1,1.1781,1.1781,0,0.05
1.8544,296.24,31.918,0.085581,-2.3929e-20,1.3218e+05,1,1.1795,1.1795,0,0.05
1.8549,296.18,31.923,0.084742,-2.3929e-20,1.3208e+05,1,1.1808,1.1808,0,0.05
1.8554,296.11,31.928,0.083902,-2.3929e-20,1.3197e+05,1,1.1822,1.1822,0,0.05
1.8559,296.04,31.933,0.083063,-2.3929e-20,1.3187e+05,1,1.1835,1.1835,0,0.05
1.8565,295.98,31.938,0.082223,-2.3929e-20,1.3177e+05,1,1.1849,1.1849,0,0.05
1.857,295.91,31.943,0.081897,-2.0993e-20,1.3166e+05,1,1.1862,1.1862,0,0.05
1.8575,295.85,31.949,0.081689,-1.7379e-20,1.3156e+05,1,1.1876,1.1876,0,0.05
1.858,295.78,31.954,0.081481,-1.3766e-20,1.3146e+05,1,1.1889,1.1889,0,0.05
1.8585,295.71,31.959,0.081272,-1.0152e-20,1.3136e+05,1,1.1903,1.1903,0,0.05
1.859,295.65,31.964,0.081064,-6.5383e-21,1.3126e+05,1,1.1917,1.1917,0,0.05
1.8595,295.58,31.969,0.080856,-2.9244e-21,1.3116e+05,1,1.193,1.193,0,0.05
1.86,295.51,31.974,0.08076,6.6648e-22,1.3105e+05,1,1.1944,1.1944,0,0.05
1.8605,295.45,31.98,0.081136,4.1608e-21,1.3095e+05,1,1.1957,1.1957,0,0.05
1.8611,295.38,31.985,0.081513,7.6555e-21,1.3085e+05,1,1.1971,1.1971,0,0.05
1.8616,295.31,31.991,0.081889,1.115e-20,1.3074e+05,1,1.1984,1.1984,0,0.05
1.8621,295.24,31.996,0.082266,1.4645e-20,1.3064e+05,1,1.1998,1.1998,0,0.05
1.8627,295.17,32.001,0.082642,1.8139e-20,1.3054e+05,1,1.2012,1.2012,0,0.05
1.8632,295.1,32.007,0.083019,2.1634e-20,1.3044e+05,1,1.2025,1.2025,0,0.05
1.8637,295.03,32.012,0.083689,2.314e-20,1.3033e+05,1,1.2039,1.2039,0,0.05
1.8643,294.96,32.018,0.084582,2.314e-20,1.3022e+05,1,1.2052,1.2052,0,0.05
1.8648,294.89,32.023,0.085475,2.314e-20,1.3011e+05,1,1.2066,1.2066,0,0.05
1.8654,294.82,32.029,0.086368,2.314e-20,1.3001e+05,1,1.2079,1.2079,0,0.05
1.866,294.74,32.035,0.087261,2.314e-20,1.299e+05,1,1.2093,1.2093,0,0.05
1.8665,294.67,32.04,0.088154,2.314e-20,1.2979e+05,1,1.2106,1.2106,0,0.05
1.8671,294.6,32.046,0.089047,2.314e-20,1.2968e+05,1,1.212,1.212,0,0.05
1.8677,294.52,32.052,0.090347,2.3068e-20,1.2957e+05,1,1.2134,1.2134,0,0.05
1.8683,294.44,32.058,0.09167,2.2992e-20,1.2945e+05,1,1.2147,1.2147,0,0.05
1.8689,294.37,32.064,0.092993,2.2916e-20,1.2934e+05,1,1.2161,1.2161,0,0.05
1.8695,294.29,32.07,0.094316,2.2841e-20,1.2922e+05,1,1.2174,1.2174,0,0.05
1.8701,294.21,32.076,0.095639,2.2765e-20,1.2911e+05,1,1.2188,1.2188,0,0.05
1.8707,294.13,32.082,0.096961,2.2689e-20,1.29e+05,1,1.2201,1.2201,0,0.05
1.8713,294.05,32.089,0.098396,2.2638e-20,1.2888e+05,1,1.2215,1.2215,0,0.05
1.8719,293.97,32.095,0.10006,2.2638e-20,1.2876e+05,1,1.2228,1.2228,0,0.05
1.8726,293.89,32.102,0.10173,2.2638e-20,1.2863e+05,1,1.2242,1.2242,0,0.05
1.8732,293.8,32.108,0.10339,2.2638e-20,1.2851e+05,1,1.2256,1.2256,0,0.05
1.8739,293.72,32.115,0.10505,2.2638e-20,1.2839e+05,1,1.2269,1.2269,0,0.05
1.8745,293.63,32.121,0.10672,2.2638e-20,1.2826e+05,1,1.2283,1.2283,0,0.05
1.8752,293.55,32.128,0.10838,2.2638e-20,1.2814e+05,1,1.2296,1.2296,0,0.05
1.8759,293.46,32.134,0.11023,2.2587e-20,1.2801e+05,1,1.231,1.231,0,0.05
1.8766,293.37,32.141,0.11215,2.2514e-20,1.2788e+05,1,1.2323,1.2323,0,0.05
1.8773,293.28,32.148,0.11406,2.2441e-20,1.2775e+05,1,1.2337,1.2337,0,0.05
1.8779,293.19,32.156,0.11598,2.2368e-20,1.2762e+05,1,1.235,1.235,0,0.05
1.8786,293.1,32.163,0.1179,2.2294e-20,1.2748e+05,1,1.2364,1.2364,0,0.05
1.8793,293.01,32.17,0.11982,2.2221e-20,1.2735e+05,1,1.2378,1.2378,0,0.05
1.8801,292.92,32.177,0.12175,2.1882e-20,1.2722e+05,1,1.2391,1.2391,0,0.05
1.8808,292.82,32.184,0.12384,1.8572e-20,1.2708e+05,1,1.2405,1.2405,0,0.05
1.8816,292.73,32.192,0.12593,1.5262e-20,1.2694e+05,1,1.2418,1.2418,0,0.05
1.8823,292.63,32.199,0.12801,1.1952e-20,1.268e+05,1,1.2432,1.2432,0,0.05
1.8831,292.53,32.207,0.1301,8.6423e-21,1.2665e+05,1,1.2445,1.2445,0,0.05
1.8838,292.44,32.214,0.13219,5.3321e-21,1.2651e+05,1,1.2459,1.2459,0,0.05
1.8846,292.34,32.222,0.13427,2.0222e-21,1.2637e+05,1,1.2472,1.2472,0,0.05
1.8853,292.24,32.229,0.1364,-1.3041e-21,1.2622e+05,1,1.2486,1.2486,0,0.05
1.8861,292.14,32.237,0.13858,-4.65e-21,1.2607e+05,1,1.25,1.25,0,0.05
1.887,292.03,32.245,0.14076,-7.9956e-21,1.2592e+05,1,1.2513,1.2513,0,0.05
1.8878,291.93,32.253,0.14294,-1.1342e-20,1.2577e+05,1,1.2527,1.2527,0,0.05
1.8886,291.82,32.262,0.14512,-1.4687e-20,1.2562e+05,1,1.254,1.254,0,0.05
1.8894,291.72,32.27,0.14729,-1.8033e-20,1.2547e+05,1,1.2554,1.2554,0,0.05
1.8902,291.62,32.278,0.14947,-2.1379e-20,1.2532e+05,1,1.2567,1.2567,0,0.05
1.891,291.51,32.286,0.15167,-1.9142e-20,1.2516e+05,1,1.2581,1.2581,0,0.05
1.8919,291.4,32.295,0.15387,-1.5831e-20,1.25e+05,1,1.2594,1.2594,0,0.05
1.8927,291.29,32.303,0.15607,-1.2522e-20,1.2484e+05,1,1.2608,1.2608,0,0.05
1.8936,291.18,32.312,0.15827,-9.2113e-21,1.2468e+05,1,1.2622,1.2622,0,0.05
1.8944,291.07,32.32,0.16047,-5.9014e-21,1.2452e+05,1,1.2635,1.2635,0,0.05
1.8953,290.96,32.329,0.16267,-2.5913e-21,1.2436e+05,1,1.2649,1.2649,0,0.05
1.8962,290.85,32.337,0.16486,0,1.242e+05,1,1.2662,1.2662,0,0.05
1.8971,290.73,32.346,0.16703,-0,1.2403e+05,1,1.2676,1.2676,0,0.05
1.898,290.61,32.355,0.16919,0,1.2386e+05,1,1.2689,1.2689,0,0.05
1.8989,290.5,32.364,0.17136,0,1.2369e+05,1,1.2703,1.2703,0,0.05
1.8998,290.38,32.373,0.17352,0,1.2352e+05,1,1.2716,1.2716,0,0.05
1.9007,290.26,32.382,0.17569,0,1.2335e+05,1,1.273,1.273,0,0.05
1.9016,290.15,32.391,0.17785,0,1.2319e+05,1,1.2744,1.2744,0,0.05
1.9025,290.03,32.4,0.17997,0,1.2301e+05,1,1.2757,1.2757,0,0.05
1.9035,289.91,32.41,0.18205,0,1.2284e+05,1,1.2771,1.2771,0,0.05
1.9045,289.78,32.419,0.18413,0,1.2266e+05,1,1.2784,1.2784,0,0.05
1.9054,289.66,32.428,0.18621,0,1.2248e+05,1,1.2798,1.2798,0,0.05
1.9064,289.54,32.438,0.1883,0,1.2231e+05,1,1.2811,1.2811,0,0.05
1.9073,289.42,32.447,0.19038,0,1.2213e+05,1,1.2825,1.2825,0,0.05
1.9083,289.3,32.456,0.19246,0,1.2195e+05,1,1.2838,1.2838,0,0.05
1.9093,289.17,32.466,0.19443,3.0556e-21,1.2177e+05,1,1.2852,1.2852,0,0.05
1.9103,289.04,32.476,0.1964,6.194e-21,1.2159e+05,1,1.2866,1.2866,0,0.05
1.9112,288.92,32.486,0.19837,9.3322e-21,1.214e+05,1,1.2879,1.2879,0,0.05
1.9122,288.79,32.495,0.20033,1.2471e-20,1.2122e+05,1,1.2893,1.2893,0,0.05
1.9132,288.66,32.505,0.2023,1.5609e-20,1.2104e+05,1,1.2906,1.2906,0,0.05
1.9142,288.54,32.515,0.20427,1.8747e-20,1.2086e+05,1,1.292,1.292,0,0.05
1.9152,288.41,32.525,0.20619,2.0781e-20,1.2067e+05,1,1.2933,1.2933,0,0.05
1.9163,288.28,32.535,0.20801,2.0781e-20,1.2048e+05,1,1.2947,1.2947,0,0.05
1.9173,288.15,32.545,0.20984,2.0781e-20,1.2029e+05,1,1.296,1.296,0,0.05
1.9183,288.01,32.555,0.21167,2.0781e-20,1.201e+05,1,1.2974,1.2974,0,0.05
1.9194,287.88,32.565,0.21349,2.0781e-20,1.1992e+05,1,1.2988,1.2988,0,0.05
1.9204,287.75,32.575,0.21532,2.0781e-20,1.1973e+05,1,1.3001,1.3001,0,0.05
1.9214,287.62,32.585,0.21715,2.0781e-20,1.1954e+05,1,1.3015,1.3015,0,0.05
1.9225,287.49,32.596,0.21886,2.0732e-20,1.1935e+05,1,1.3028,1.3028,0,0.05
1.9235,287.35,32.606,0.22054,2.0666e-20,1.1915e+05,1,1.3042,1.3042,0,0.05
1.9246,287.22,32.616,0.22221,2.06e-20,1.1896e+05,1,1.3055,1.3055,0,0.05
1.9257,287.08,32.627,0.22389,2.0533e-20,1.1877e+05,1,1.3069,1.3069,0,0.05
1.9267,286.95,32.637,0.22556,2.0467e-20,1.1857e+05,1,1.3083,1.3083,0,0.05
1.9278,286.81,32.647,0.22724,2.04e-20,1.1838e+05,1,1.3096,1.3096,0,0.05
1.9289,286.68,32.658,0.2289,2.0012e-20,1.1819e+05,1,1.311,1.311,0,0.05
1.93,286.54,32.668,0.23041,1.6972e-20,1.1799e+05,1,1.3123,1.3123,0,0.05
1.931,286.4,32.679,0.23193,1.3933e-20,1.1779e+05,1,1.3137,1.3137,0,0.05
1.9321,286.26,32.689,0.23345,1.0894e-20,1.176e+05,1,1.315,1.315,0,0.05
1.9332,286.12,32.7,0.23496,7.8549e-21,1.174e+05,1,1.3164,1.3164,0,0.05
1.9343,285.98,32.71,0.23648,4.8156e-21,1.172e+05,1,1.3177,1.3177,0,0.05
1.9354,285.84,32.721,0.238,1.7766e-21,1.1701e+05,1,1.3191,1.3191,0,0.05
1.9365,285.7,32.732,0.23944,-1.2787e-21,1.1681e+05,1,1.3205,1.3205,0,0.05
1.9377,285.56,32.742,0.2408,-4.3505e-21,1.1661e+05,1,1.3218,1.3218,0,0.05
1.9388,285.42,32.753,0.24216,-7.4223e-21,1.1641e+05,1,1.3232,1.3232,0,0.05
1.9399,285.28,32.764,0.24352,-1.0494e-20,1.1621e+05,1,1.3245,1.3245,0,0.05
1.941,285.14,32.775,0.24488,-1.3566e-20,1.1601e+05,1,1.3259,1.3259,0,0.05
1.9421,285,32.786,0.24624,-1.6638e-20,1.1581e+05,1,1.3272,1.3272,0,0.05
1.9433,284.86,32.796,0.2476,-1.971e-20,1.1561e+05,1,1.3286,1.3286,0,0.05
1.9444,284.71,32.808,0.24884,-2.0068e-20,1.154e+05,1,1.3299,1.3299,0,0.05
1.9456,284.56,32.819,0.25005,-2.0003e-20,1.152e+05,1,1.3313,1.3313,0,0.05
1.9467,284.42,32.83,0.25126,-1.9938e-20,1.15e+05,1,1.3327,1.3327,0,0.05
1.9479,284.27,32.841,0.25247,-1.9873e-20,1.148e+05,1,1.334,1.334,0,0.05
1.949,284.13,32.852,0.25368,-1.9808e-20,1.146e+05,1,1.3354,1.3354,0,0.05
1.9502,283.98,32.863,0.25489,-1.9743e-20,1.1439e+05,1,1.3367,1.3367,0,0.05
1.9514,283.83,32.874,0.25607,-1.9694e-20,1.1419e+05,1,1.3381,1.3381,0,0.05
1.9526,283.68,32.886,0.25714,-1.9694e-20,1.1398e+05,1,1.3394,1.3394,0,0.05
1.9538,283.53,32.898,0.25822,-1.9694e-20,1.1377e+05,1,1.3408,1.3408,0,0.05
1.955,283.37,32.909,0.25929,-1.9694e-20,1.1356e+05,1,1.3421,1.3421,0,0.05
1.9563,283.22,32.921,0.26036,-1.9694e-20,1.1335e+05,1,1.3435,1.3435,0,0.05
1.9575,283.07,32.933,0.26143,-1.9694e-20,1.1314e+05,1,1.3449,1.3449,0,0.05
1.9587,282.91,32.944,0.26251,-1.9694e-20,1.1293e+05,1,1.3462,1.3462,0,0.05
1.9601,282.73,32.958,0.26357,-1.7845e-20,1.127e+05,1,1.3476,1.3476,0,0.05
1.9616,282.54,32.972,0.26463,-1.487e-20,1.1246e+05,1,1.3489,1.3489,0,0.05
1.9632,282.35,32.987,0.26569,-1.1896e-20,1.1221e+05,1,1.3503,1.3503,0,0.05
1.9647,282.16,33.001,0.26675,-8.9222e-21,1.1197e+05,1,1.3516,1.3516,0,0.05
1.9662,281.97,33.015,0.26781,-5.9482e-21,1.1172e+05,1,1.353,1.353,0,0.05
1.9678,281.78,33.03,0.26887,-2.9742e-21,1.1148e+05,1,1.3543,1.3543,0,0.05
1.9693,281.59,33.044,0.26993,0,1.1123e+05,1,1.3557,1.3557,0,0.05
